episode,global_step,mean_100,total_reward,steps
0,96,-105.93,-105.93,96
1,207,-51.45,3.04,111
2,311,-112.05,-233.25,104
3,426,-113.27,-116.95,115
4,508,-169.93,-396.57,82
5,577,-153.58,-71.81,69
6,642,-161.51,-209.11,65
7,750,-175.23,-271.26,108
8,873,-199.33,-392.1,123
9,997,-218.77,-393.79,124
10,1123,-220.0,-232.28,126
11,1221,-214.54,-154.48,98
12,1338,-207.13,-118.17,117
13,1417,-205.29,-181.44,79
14,1528,-203.01,-170.99,111
15,1662,-200.41,-161.47,134
16,1752,-188.89,-4.49,90
17,1915,-190.55,-218.79,163
18,2025,-199.07,-352.48,110
19,2156,-196.84,-154.42,131
20,2240,-188.84,-28.81,84
21,2313,-184.28,-88.61,73
22,2468,-180.45,-96.29,155
23,2598,-174.15,-29.22,130
24,2734,-172.61,-135.48,136
25,2863,-170.19,-109.88,129
26,3044,-170.05,-166.24,181
27,3269,-173.09,-255.14,225
28,3459,-169.93,-81.67,190
29,3551,-169.37,-153.07,92
30,3681,-168.29,-135.93,130
31,3872,-168.55,-176.47,191
32,3994,-168.0,-150.6,122
33,4265,-167.53,-151.97,271
34,4502,-166.84,-143.35,237
35,4753,-164.68,-89.06,251
36,4968,-164.33,-151.6,215
37,5141,-166.57,-249.58,173
38,5327,-164.7,-93.61,186
39,5556,-163.3,-108.49,229
40,5628,-161.98,-109.33,72
41,5805,-161.75,-152.25,177
42,6028,-159.7,-73.64,223
43,6270,-158.94,-126.43,242
44,6523,-158.35,-132.41,253
45,6753,-158.21,-151.84,230
46,7023,-157.61,-129.95,270
47,7310,-155.94,-77.37,287
48,7433,-155.3,-124.46,123
49,7706,-153.36,-58.25,273
50,7909,-160.45,-515.38,203
51,8283,-162.37,-260.09,374
52,8441,-159.78,-25.17,158
53,8634,-156.24,31.57,193
54,8920,-160.04,-365.15,286
55,9172,-157.73,-30.69,252
56,9388,-156.09,-64.33,216
57,10216,-156.8,-197.61,828
58,10560,-154.51,-21.35,344
59,11336,-159.09,-429.53,776
60,12256,-160.25,-229.82,920
61,12498,-157.2,28.66,242
62,12693,-155.11,-25.1,195
63,13693,-153.26,-36.96,1000
64,14693,-152.17,-82.5,1000
65,15693,-149.78,5.46,1000
66,16500,-151.47,-262.99,807
67,17500,-149.57,-21.98,1000
68,18500,-148.19,-54.41,1000
69,19283,-148.58,-175.2,783
70,20283,-147.52,-73.52,1000
71,21283,-146.82,-97.52,1000
72,22283,-146.49,-122.39,1000
73,23283,-145.25,-54.82,1000
74,24283,-145.1,-134.16,1000
75,25283,-143.33,-10.67,1000
76,26283,-142.71,-95.6,1000
77,27283,-142.02,-88.28,1000
78,28283,-140.37,-11.91,1000
79,28381,-138.99,-29.99,98
80,29381,-137.75,-38.44,1000
81,30381,-136.18,-8.93,1000
82,31381,-134.61,-5.87,1000
83,32381,-133.49,-40.99,1000
84,32485,-132.48,-47.04,104
85,33485,-130.95,-0.91,1000
86,34485,-129.54,-8.73,1000
87,35485,-128.22,-13.44,1000
88,36485,-126.96,-15.83,1000
89,36573,-126.02,-42.03,88
90,37573,-124.91,-25.33,1000
91,38573,-123.52,2.79,1000
92,39573,-122.01,17.36,1000
93,40573,-120.83,-11.38,1000
94,41573,-119.56,-0.56,1000
95,42573,-118.54,-21.61,1000
96,43573,-116.86,45.03,1000
97,43648,-116.26,-58.84,75
98,44054,-113.6,147.07,406
99,44125,-112.75,-28.53,71
100,44284,-114.3,-268.52,159
101,44384,-113.45,-27.49,100
102,44454,-113.6,-129.49,70
103,44911,-110.02,259.22,457
104,45546,-106.82,225.36,635
105,45655,-106.62,-85.83,109
106,46448,-104.27,145.03,793
107,46677,-101.31,215.43,229
108,47677,-100.89,-55.72,1000
109,48282,-98.08,208.61,605
110,48891,-95.03,240.64,609
111,49585,-91.97,247.52,694
112,50533,-89.82,151.37,948
113,51390,-87.69,152.85,857
114,52031,-85.12,207.92,641
115,53031,-84.28,11.53,1000
116,53440,-81.51,240.61,409
117,54412,-79.1,202.58,972
118,55050,-77.23,143.61,638
119,55232,-76.88,-35.14,182
120,55596,-74.15,252.67,364
121,55842,-73.73,-22.87,246
122,55972,-73.13,0.87,130
123,56157,-73.26,-89.85,185
124,56559,-70.94,216.72,402
125,56968,-68.82,196.14,409
126,57094,-68.61,-42.29,126
127,57586,-66.23,236.84,492
128,57919,-63.62,269.59,333
129,58194,-60.94,284.82,275
130,58511,-58.74,227.61,317
131,58674,-58.33,-4.76,163
132,59347,-55.89,265.83,673
133,59436,-55.32,21.13,89
134,59808,-52.99,259.83,372
135,59996,-51.34,170.25,188
136,60182,-51.32,-48.49,186
137,60558,-49.44,208.73,376
138,60978,-47.26,253.29,420
139,61115,-47.73,-112.49,137
140,61211,-47.88,-69.41,96
141,61341,-48.73,-168.63,130
142,61562,-46.83,222.4,221
143,61853,-44.76,251.29,291
144,62853,-44.65,-28.41,1000
145,63350,-44.7,-51.54,497
146,63849,-45.02,-91.98,499
147,64083,-44.43,42.77,234
148,64321,-44.76,-93.41,238
149,64852,-43.04,212.8,531
150,65040,-43.63,-132.4,188
151,65392,-41.58,268.71,352
152,65665,-41.6,-45.91,273
153,66286,-40.04,198.99,621
154,66538,-39.74,6.82,252
155,67538,-39.26,34.34,1000
156,67853,-37.35,262.02,315
157,68552,-38.51,-221.75,699
158,68819,-38.44,-26.51,267
159,69204,-36.57,259.83,385
160,69722,-35.0,216.12,518
161,70170,-33.38,228.52,448
162,70544,-31.73,235.71,374
163,71159,-30.54,162.12,615
164,71459,-28.95,231.71,300
165,71756,-27.31,244.13,297
166,72095,-25.51,273.08,339
167,72324,-26.45,-182.79,229
168,72786,-27.4,-188.18,462
169,73525,-25.98,214.6,739
170,73715,-26.05,-38.38,190
171,74715,-25.65,43.74,1000
172,75484,-24.36,197.42,769
173,75877,-22.89,231.52,393
174,76318,-21.58,206.41,441
175,76518,-20.03,250.32,200
176,76926,-18.64,226.19,408
177,77505,-17.0,273.47,579
178,78505,-17.04,-23.66,1000
179,78770,-15.34,289.31,265
180,79481,-13.93,238.39,711
181,80481,-15.15,-234.54,1000
182,80924,-13.85,222.35,443
183,81756,-14.92,-211.2,832
184,82756,-15.08,-45.23,1000
185,83699,-13.91,202.52,943
186,84699,-14.15,-57.28,1000
187,84915,-12.75,248.6,216
188,85912,-11.91,146.4,997
189,86166,-10.44,265.95,254
190,86579,-9.16,234.4,413
191,87579,-9.19,-14.35,1000
192,88068,-8.02,216.97,489
193,88296,-6.64,259.5,228
194,89296,-6.85,-48.63,1000
195,90069,-6.16,129.71,773
196,90327,-4.84,253.61,258
197,91248,-3.67,226.25,921
198,92248,-3.89,-48.05,1000
199,93248,-4.06,-37.25,1000
200,93562,-2.63,282.63,314
201,93826,-1.45,236.77,264
202,94038,-1.7,-51.96,212
203,94313,-0.54,235.06,275
204,94614,0.72,257.79,301
205,94902,0.88,33.45,288
206,95080,2.12,257.84,178
207,95336,3.3,247.21,256
208,95541,3.36,15.23,205
209,95850,4.64,273.08,309
210,96850,4.29,-70.62,1000
211,97268,3.26,-212.19,418
212,98229,3.93,144.99,961
213,98405,4.03,26.0,176
214,98791,5.23,260.56,386
215,98986,6.43,264.22,195
216,99737,5.21,-256.47,751
217,100079,6.16,212.23,342
218,100235,6.13,-0.77,156
219,100648,6.74,139.59,413
220,101204,8.04,293.52,556
221,101364,7.18,-181.6,160
222,101522,7.3,33.06,158
223,102522,6.98,-63.11,1000
224,102824,6.36,-132.98,302
225,103018,7.44,250.83,194
226,104018,7.91,112.55,1000
227,104368,7.23,-146.57,350
228,104619,8.2,229.63,251
229,104878,9.1,216.15,259
230,105324,10.19,260.26,446
231,105440,10.16,3.23,116
232,105621,11.15,239.54,181
233,105988,12.14,243.52,367
234,106229,13.12,242.99,241
235,106548,14.27,285.28,319
236,106816,15.26,247.38,268
237,107067,16.25,250.59,251
238,107287,16.09,-22.32,220
239,107519,15.98,-8.49,232
240,107629,15.91,-0.64,110
241,108004,16.68,202.02,375
242,108320,17.31,169.81,316
243,108709,18.25,244.78,389
244,109168,19.1,228.85,459
245,109453,20.18,284.33,285
246,109615,20.08,-6.15,162
247,109898,20.93,232.37,283
248,110373,21.49,158.81,475
249,110649,22.51,277.13,276
250,110815,23.47,263.79,166
251,111021,24.48,278.99,206
252,111278,25.41,258.32,257
253,111515,26.38,273.2,237
254,111682,27.32,265.03,167
255,112110,28.07,218.46,428
256,112477,28.67,183.88,367
257,112732,29.57,260.22,255
258,113040,30.41,246.73,308
259,113303,31.3,261.58,263
260,113582,32.13,249.77,279
261,113778,33.07,278.19,196
262,114158,33.77,215.44,380
263,114565,34.69,277.24,407
264,114765,35.47,242.48,200
265,115193,36.08,197.1,428
266,115490,36.99,277.6,297
267,115682,37.75,241.76,192
268,115984,38.56,255.23,302
269,116175,39.41,267.87,191
270,116534,40.34,291.3,359
271,117126,41.08,242.6,592
272,117481,41.74,221.04,355
273,117775,42.7,305.39,294
274,117998,43.5,261.93,223
275,118276,44.35,278.82,278
276,118502,45.16,268.39,226
277,118716,45.91,253.22,214
278,119410,46.32,161.35,694
279,119618,47.05,251.01,208
280,120022,47.89,282.42,404
281,121022,47.64,-23.02,1000
282,121946,48.23,213.18,924
283,122134,48.91,242.32,188
284,122390,49.71,276.77,256
285,122765,49.05,-137.71,375
286,122973,49.84,273.95,208
287,123278,50.39,209.68,305
288,123466,51.09,253.4,188
289,123759,51.7,226.7,293
290,124074,52.36,245.18,315
291,124269,53.08,261.55,195
292,124428,53.88,287.07,159
293,124537,53.36,-97.42,109
294,124968,54.15,285.45,431
295,125168,54.82,251.31,200
296,125263,54.42,-62.37,95
297,125449,53.68,-165.72,186
298,125610,53.7,58.3,161
299,125769,53.58,17.04,159
300,126091,54.3,271.36,322
301,127091,53.94,-55.98,1000
302,127383,54.48,219.85,292
303,128383,54.26,-12.2,1000
304,128718,54.91,250.58,335
305,129095,55.35,190.54,377
306,129454,54.62,-170.2,359
307,130454,54.42,-4.27,1000
308,130639,55.01,235.15,185
309,130887,55.69,266.14,248
310,131110,56.35,261.51,223
311,132015,56.77,186.55,905
312,132237,57.43,264.4,222
313,132523,57.95,219.24,286
314,132766,58.65,280.35,243
315,132946,59.21,233.42,180
316,133134,59.76,234.57,188
317,133346,60.38,258.13,212
318,133564,60.93,235.45,218
319,134042,61.42,216.46,478
320,134626,61.05,-55.8,584
321,134850,61.68,263.56,224
322,135235,62.25,243.45,385
323,135389,62.14,29.26,154
324,135684,62.77,265.08,295
325,135938,63.46,289.38,254
326,136188,63.91,208.59,250
327,136552,64.27,181.38,364
328,136843,64.83,249.42,291
329,137359,64.31,-107.6,516
330,137565,64.93,272.48,206
331,137732,64.84,35.07,167
332,137895,64.66,4.46,163
333,138079,65.13,221.21,184
334,138258,65.78,282.99,179
335,138512,66.28,231.85,254
336,138705,66.85,261.15,193
337,139103,67.25,199.85,398
338,139312,67.71,224.14,209
339,139512,68.22,240.96,200
340,139757,68.79,261.41,245
341,140069,69.16,197.84,312
342,140277,69.76,272.34,208
343,140461,70.23,230.84,184
344,140620,70.14,40.16,159
345,140789,70.66,251.19,169
346,140996,71.21,260.49,207
347,141217,71.81,279.43,221
348,141495,72.43,288.34,278
349,141706,72.95,254.2,211
350,141906,73.49,264.4,200
351,142073,73.96,237.84,167
352,142391,74.36,214.57,318
353,142581,74.86,250.85,190
354,142794,75.45,286.23,213
355,143024,75.98,263.96,230
356,143200,76.35,208.68,176
357,143394,76.87,262.98,194
358,143583,77.47,289.63,189
359,143806,78.02,277.06,223
360,143977,78.59,283.01,171
361,144366,78.95,209.76,389
362,144480,78.82,30.04,114
363,144755,79.12,189.59,275
364,144955,79.1,71.27,200
365,145253,79.56,248.92,298
366,145903,80.0,238.09,650
367,146085,80.51,270.64,182
368,146279,80.96,247.11,194
369,146522,81.45,259.14,243
370,146828,81.85,230.74,306
371,147032,82.38,277.79,204
372,147216,82.37,79.59,184
373,147472,82.92,288.64,256
374,147676,83.48,292.98,204
375,148102,83.9,240.43,426
376,148313,84.37,261.44,211
377,148544,84.82,253.81,231
378,148752,85.39,302.81,208
379,149003,85.8,240.06,251
380,149189,86.3,275.35,186
381,149693,86.74,254.12,504
382,150269,87.18,255.77,576
383,150420,87.67,275.29,151
384,150631,88.11,258.75,211
385,150908,88.5,238.59,277
386,151161,88.94,258.12,253
387,151356,89.41,269.92,195
388,151738,89.87,269.3,382
389,152321,90.37,284.69,583
390,152542,90.86,282.02,221
391,152736,91.27,254.42,194
392,152973,91.77,286.82,237
393,153220,92.24,275.4,247
394,153483,92.66,259.48,263
395,153745,93.13,279.51,262
396,153942,93.56,264.03,197
397,154708,94.01,270.33,766
398,154889,93.83,21.65,181
399,155149,94.31,285.39,260
400,155454,94.78,285.25,305
401,155630,95.14,238.19,176
402,156538,95.49,237.42,908
403,156886,95.79,214.84,348
404,157159,96.21,266.9,273
405,157374,96.68,288.83,215
406,157786,97.0,226.44,412
407,157981,97.51,303.01,195
408,158142,97.38,44.39,161
409,158687,97.71,232.1,545
410,159022,98.14,275.63,335
411,159239,98.6,288.67,217
412,159412,99.02,271.47,173
413,159634,99.39,252.27,222
414,159844,99.83,283.29,210
415,159988,99.67,32.46,144
416,160180,100.07,265.26,192
417,160351,100.44,254.24,171
418,160536,100.31,46.06,185
419,160717,100.1,11.83,181
420,160961,100.45,249.93,244
421,161140,100.85,266.82,179
422,161568,101.27,281.39,428
423,161724,100.97,-29.38,156
424,161843,100.42,-129.58,119
425,162115,100.73,232.93,272
426,162329,101.14,274.29,214
427,162427,100.84,-28.03,98
428,162652,101.15,234.49,225
429,162870,101.44,227.17,218
430,163047,101.17,-15.54,177
431,163258,101.63,298.88,211
432,163462,102.03,274.09,204
433,163734,102.37,251.18,272
434,163949,102.75,267.45,215
435,164508,102.13,-168.85,559
436,165001,102.45,242.78,493
437,165350,101.89,-140.96,349
438,165558,102.28,268.96,208
439,165753,102.68,282.14,195
440,165966,103.12,294.93,213
441,166743,103.46,252.51,777
442,167000,103.85,276.72,257
443,167127,103.59,-10.22,127
444,167319,103.93,253.35,192
445,167466,103.63,-30.41,147
446,167676,104.03,283.4,210
447,167876,104.47,303.0,200
448,168064,104.14,-44.8,188
449,168393,104.49,258.94,329
450,168658,104.65,177.47,265
451,168905,104.33,-38.98,247
452,169188,104.61,233.44,283
453,169324,104.29,-42.62,136
454,169530,104.71,293.65,206
455,169752,104.09,-178.09,222
456,169960,104.41,250.75,208
457,170158,104.7,238.25,198
458,170354,105.04,260.62,196
459,170513,104.79,-7.44,159
460,170696,105.13,258.84,183
461,171306,105.43,243.02,610
462,171576,105.84,297.29,270
463,171849,105.23,-180.15,273
464,172013,105.57,263.25,164
465,172311,105.91,264.21,298
466,172511,106.26,269.14,200
467,172714,106.57,251.97,203
468,172926,106.92,271.05,212
469,173105,107.26,267.25,179
470,173339,107.58,256.71,234
471,173560,107.92,269.11,221
472,173843,108.12,205.38,283
473,174099,108.5,288.21,256
474,174274,108.83,263.18,175
475,174468,109.18,277.65,194
476,174755,109.46,243.06,287
477,174997,109.06,-85.28,242
478,175266,109.48,312.27,269
479,175542,109.87,294.32,276
480,175732,110.19,266.54,190
481,175924,110.54,275.92,192
482,176165,110.91,293.22,241
483,176422,111.27,283.17,257
484,176639,111.55,247.07,217
485,176854,111.95,307.33,215
486,177038,112.22,241.79,184
487,177296,112.54,269.12,258
488,177503,112.84,259.0,207
489,177768,113.14,260.14,265
490,178024,113.51,292.32,256
491,178276,113.86,288.77,252
492,178518,114.21,285.77,242
493,178760,114.51,262.18,242
494,178999,114.86,288.34,239
495,179208,115.23,296.1,209
496,179407,115.49,245.58,199
497,179613,115.85,294.09,206
498,179809,116.14,261.49,196
499,180018,116.45,273.3,209
500,180445,116.78,280.48,427
501,180639,117.07,258.98,194
502,180828,117.35,262.02,189
503,181055,117.62,249.43,227
504,181250,117.87,244.99,195
505,181478,118.23,299.45,228
506,181679,118.53,274.05,201
507,181877,118.9,304.63,198
508,182126,119.27,306.02,249
509,182333,119.6,286.89,207
510,182519,119.86,254.17,186
511,182723,120.2,292.85,204
512,182946,120.5,276.91,223
513,183184,120.83,288.89,238
514,183403,121.17,293.09,219
515,183608,121.52,304.94,205
516,183806,121.8,266.22,198
517,184019,122.14,298.07,213
518,184236,122.47,291.19,217
519,184453,122.73,257.67,217
520,184624,123.04,283.87,171
521,184818,123.31,264.53,194
522,185067,123.64,299.67,249
523,185275,123.86,236.84,208
524,185503,124.17,283.57,228
525,185712,124.48,291.65,209
526,185923,124.82,301.59,211
527,186123,125.1,274.06,200
528,186338,125.39,277.11,215
529,186532,125.67,273.09,194
530,186838,125.91,252.56,306
531,187058,126.21,285.44,220
532,187278,126.41,234.59,220
533,187536,126.71,288.46,258
534,187709,127.0,278.37,173
535,187882,127.21,241.83,173
536,188073,127.46,262.53,191
537,188232,127.71,258.01,159
538,188519,127.99,281.86,287
539,188712,128.33,308.56,193
540,188911,128.67,315.24,199
541,189118,129.02,319.95,207
542,189338,129.26,254.71,220
543,189568,129.57,297.45,230
544,189764,129.8,254.99,196
545,189925,130.07,278.24,161
546,190129,130.38,301.09,204
547,190347,130.64,273.66,218
548,190543,130.88,259.49,196
549,190708,131.14,273.99,165
550,190934,131.42,285.56,226
551,191113,131.67,270.7,179
552,191300,131.95,288.74,187
553,191520,132.24,288.53,220
554,191742,132.42,234.97,222
555,192097,132.69,280.84,355
556,192355,132.96,283.58,258
557,192578,133.25,296.68,223
558,192768,133.53,289.61,190
559,193054,133.85,309.28,286
560,193215,134.1,278.07,161
561,193488,134.41,303.98,273
562,193699,134.68,288.5,211
563,193909,134.91,264.91,210
564,194121,135.18,288.63,212
565,194352,135.41,262.75,231
566,194856,135.65,272.72,504
567,195044,135.96,311.37,188
568,195265,136.28,316.37,221
569,195513,136.53,281.06,248
570,195732,136.79,283.83,219
571,195939,137.07,296.54,207
572,196142,137.33,286.93,203
573,196357,137.62,303.64,215
574,196549,137.89,296.28,192
575,196756,138.08,242.53,207
576,196912,138.32,280.51,156
577,197142,138.62,310.67,230
578,197314,138.87,280.92,172
579,197499,139.11,279.8,185
580,197672,139.3,250.87,173
581,197849,139.59,308.63,177
582,198067,139.8,259.44,218
583,198259,139.99,253.15,192
584,199055,139.94,107.66,796
585,199285,140.18,284.07,230
586,199586,140.44,288.36,301
587,199788,140.64,257.89,202
588,200046,140.88,285.52,258
589,200274,141.15,301.48,228
590,200431,141.35,259.4,157
591,200607,141.62,300.47,176
592,200774,141.89,301.22,167
593,200874,141.37,-168.85,100
594,201066,141.58,269.66,192
595,201270,141.81,275.18,204
596,201471,142.05,283.99,201
597,201694,142.24,260.44,223
598,201919,142.5,298.13,225
599,202133,142.77,303.58,214
600,202342,143.05,311.41,209
601,202574,143.25,264.07,232
602,202746,143.42,241.89,172
603,202959,143.66,288.94,213
604,203113,143.5,46.26,154
605,203435,143.75,296.3,322
606,203665,143.96,273.29,230
607,203948,144.18,274.45,283
608,204042,143.98,24.01,94
609,204214,144.15,249.32,172
610,204392,144.3,235.86,178
611,204621,144.48,249.87,229
612,204793,144.64,247.42,172
613,204965,144.82,252.66,172
614,205188,145.05,287.89,223
615,205406,145.29,291.37,218
616,205585,145.45,246.16,179
617,205701,145.26,22.51,116
618,205890,145.41,239.45,189
619,206035,145.63,285.12,145
620,206226,145.82,261.28,191
621,206450,146.03,279.82,224
622,206584,145.79,-3.59,134
623,206771,146.03,295.08,187
624,207200,146.22,265.13,429
625,207361,146.38,246.7,161
626,207682,146.57,261.33,321
627,207847,146.77,273.01,165
628,208005,147.02,303.7,158
629,208155,147.16,236.78,150
630,208347,147.38,283.76,192
631,208800,147.53,244.16,453
632,209205,147.7,255.93,405
633,209644,147.8,209.24,439
634,209895,148.01,281.46,251
635,210228,148.18,256.61,333
636,210411,148.32,236.75,183
637,210753,148.54,287.8,342
638,210872,148.29,-7.97,119
639,211088,148.49,272.88,216
640,211432,148.63,236.83,344
641,211911,148.82,271.96,479
642,212149,149.05,296.1,238
643,212310,149.27,290.71,161
644,212656,149.46,275.75,346
645,212859,149.66,275.68,203
646,213177,149.83,263.49,318
647,213451,150.0,254.74,274
648,213548,149.87,70.47,97
649,213656,149.66,8.34,108
650,213771,149.51,55.47,115
651,213935,148.96,-208.88,164
652,214035,148.79,38.65,100
653,214210,148.97,267.79,175
654,214378,148.73,-11.69,168
655,214748,148.93,278.89,370
656,214842,148.38,-207.62,94
657,215842,148.08,-52.25,1000
658,216083,148.26,266.13,241
659,216288,148.47,287.18,205
660,216535,148.65,267.94,247
661,216825,148.79,240.48,290
662,216999,148.96,259.61,174
663,217148,149.15,279.07,149
664,217336,149.33,266.0,188
665,217579,149.49,254.7,243
666,217792,149.67,275.54,213
667,217968,149.85,266.43,176
668,218193,149.97,232.13,225
669,218348,150.14,262.91,155
670,218502,150.28,246.25,154
671,218730,150.46,270.81,228
672,219047,149.63,-408.85,317
673,219300,149.82,273.64,253
674,219617,149.98,256.89,317
675,219775,150.13,254.81,158
676,219955,150.29,256.78,180
677,220107,150.46,264.81,152
678,220347,150.66,290.13,240
679,220499,150.85,275.63,152
680,220795,151.0,253.53,296
681,220944,151.13,243.37,149
682,221133,151.28,252.45,189
683,221354,151.39,229.32,221
684,221509,151.59,284.19,155
685,221711,151.75,262.71,202
686,222024,151.39,-99.37,313
687,222180,151.57,278.95,156
688,222519,151.07,-192.63,339
689,222755,151.21,249.34,236
690,223303,151.29,204.99,548
691,223548,151.44,256.01,245
692,223807,151.6,259.58,259
693,223988,151.74,248.65,181
694,224194,151.89,258.17,206
695,224626,152.07,275.31,432
696,224741,151.87,16.6,115
697,225025,152.04,266.64,284
698,225247,152.18,249.2,222
699,225445,152.33,255.35,198
700,225689,152.49,265.9,244
701,225877,152.65,267.13,188
702,226038,152.83,278.46,161
703,226177,152.63,12.84,139
704,226321,152.81,278.63,144
705,226789,152.85,178.94,468
706,226895,152.65,11.79,106
707,227039,152.54,75.01,144
708,227235,152.72,282.5,196
709,227395,152.91,285.33,160
710,227744,153.08,276.69,349
711,227932,153.23,255.58,188
712,228112,153.38,263.36,180
713,228208,153.2,23.27,96
714,228378,153.32,238.19,170
715,228601,153.52,300.29,223
716,229072,153.57,191.18,471
717,229251,153.4,28.1,179
718,229411,153.57,272.63,160
719,230089,153.31,-32.7,678
720,230274,153.45,253.88,185
721,230532,153.62,277.11,258
722,230658,153.48,51.96,126
723,230765,153.27,4.09,107
724,230866,153.1,26.96,101
725,231100,153.24,260.09,234
726,232005,153.29,190.02,905
727,232118,153.1,13.89,113
728,232203,152.84,-38.44,85
729,232311,152.63,0.11,108
730,232409,152.28,-105.49,98
731,232514,152.09,12.02,105
732,232686,152.22,251.16,172
733,232938,152.4,286.47,252
734,233329,152.52,234.71,391
735,233750,152.62,231.66,421
736,234327,152.81,288.14,577
737,235327,152.52,-59.86,1000
738,235526,152.62,228.57,199
739,235846,152.82,296.69,320
740,236032,152.97,268.95,186
741,236228,153.12,257.9,196
742,236473,153.26,262.25,245
743,236719,153.43,279.51,246
744,236972,153.55,242.23,253
745,237140,153.75,302.18,168
746,238140,153.6,39.46,1000
747,238643,153.66,198.21,503
748,238948,153.81,265.45,305
749,239140,153.97,273.64,192
750,239370,154.13,275.86,230
751,239555,154.29,272.77,185
752,239732,154.48,297.95,177
753,239987,154.64,273.76,255
754,240236,154.82,297.26,249
755,240392,154.98,274.3,156
756,240638,155.13,265.34,246
757,240883,155.3,282.29,245
758,241261,155.45,274.77,378
759,241969,154.88,-280.46,708
760,242119,154.77,74.33,150
761,242314,154.91,257.78,195
762,242532,155.09,289.84,218
763,242729,155.23,267.52,197
764,242995,155.39,274.14,266
765,243293,155.55,276.71,298
766,243479,155.69,265.3,186
767,243745,155.83,261.0,266
768,243914,156.01,299.45,169
769,244293,156.18,281.25,379
770,244553,156.38,312.94,260
771,245031,156.48,230.51,478
772,245384,156.62,265.64,353
773,245616,156.73,245.46,232
774,245888,156.86,255.07,272
775,246152,157.0,265.75,264
776,246444,157.14,263.9,292
777,246692,157.32,298.52,248
778,246952,157.46,267.51,260
779,247269,157.59,257.72,317
780,247495,157.69,238.64,226
781,247848,157.84,272.23,353
782,248605,157.95,247.03,757
783,248983,158.08,261.3,378
784,249236,158.2,251.41,253
785,249442,158.3,234.23,206
786,249722,158.43,263.54,280
787,249921,158.56,254.42,199
788,250269,158.68,259.83,348
789,250439,158.88,312.65,170
790,250709,159.03,281.71,270
791,250958,159.15,251.12,249
792,251205,159.3,274.53,247
793,251460,159.42,256.94,255
794,251772,159.55,263.0,312
795,252007,159.64,232.72,235
796,252519,159.74,238.77,512
797,252769,159.87,264.36,250
798,252983,159.98,249.05,214
799,253199,160.11,258.87,216
800,253428,160.24,269.84,229
801,254329,159.81,-187.78,901
802,254552,159.95,269.36,223
803,254637,159.59,-129.49,85
804,255042,159.72,267.12,405
805,255359,159.81,229.77,317
806,255596,159.93,262.77,237
807,255960,160.04,244.88,364
808,256186,160.18,270.02,226
809,256456,160.28,241.3,270
810,256688,160.4,258.03,232
811,257688,160.15,-37.93,1000
812,257944,160.29,269.54,256
813,258231,160.41,260.04,287
814,258562,160.55,273.54,331
815,258824,160.63,231.07,262
816,259096,160.77,270.61,272
817,259366,160.87,244.17,270
818,259643,161.03,293.61,277
819,259902,161.15,255.4,259
820,260148,161.28,273.22,246
821,260226,161.06,-19.89,78
822,260480,161.2,271.09,254
823,260824,161.33,269.63,344
824,261579,161.39,208.67,755
825,261813,161.49,243.98,234
826,262145,161.57,231.97,332
827,262599,161.65,223.86,454
828,262876,161.76,254.14,277
829,263127,161.84,227.38,251
830,263498,161.93,237.71,371
831,263841,162.04,253.22,343
832,264164,162.18,277.61,323
833,264390,162.29,259.47,226
834,264705,162.44,280.39,315
835,264967,162.56,262.63,262
836,265199,162.65,240.27,232
837,265580,162.69,199.09,381
838,265816,162.81,260.46,236
839,266037,162.91,247.24,221
840,266463,163.02,254.77,426
841,266704,163.14,265.77,241
842,266992,163.25,258.28,288
843,267256,163.35,244.04,264
844,267469,163.46,253.78,213
845,267724,163.55,242.23,255
846,267982,163.67,262.69,258
847,268245,163.78,263.29,263
848,268556,163.87,234.11,311
849,268740,164.01,282.92,184
850,268973,164.14,276.23,233
851,269168,164.27,273.33,195
852,269385,164.39,269.34,217
853,269675,164.53,280.6,290
854,269925,164.63,258.12,250
855,270598,164.68,206.04,673
856,270980,164.77,241.82,382
857,271196,164.89,264.06,216
858,271400,165.0,261.49,204
859,271623,165.1,253.47,223
860,271841,165.19,239.76,218
861,272057,165.27,236.83,216
862,272276,165.4,272.67,219
863,272523,165.52,272.5,247
864,272748,165.63,259.68,225
865,273001,165.73,249.42,253
866,273204,165.83,256.67,203
867,273420,165.93,251.77,216
868,273698,166.07,283.63,278
869,273928,166.18,268.3,230
870,274155,166.32,283.32,227
871,274384,166.42,258.17,229
872,275040,166.54,265.96,656
873,275285,166.67,283.95,245
874,275563,166.83,301.18,278
875,275796,166.97,289.93,233
876,275989,166.28,-432.8,193
877,276172,166.35,227.29,183
878,276447,166.49,285.3,275
879,277230,166.58,247.61,783
880,277467,166.68,254.81,237
881,277717,166.82,293.6,250
882,277931,166.94,268.43,214
883,278131,167.03,244.35,200
884,278354,167.13,261.01,223
885,278571,167.19,214.9,217
886,278793,167.3,268.5,222
887,279035,167.41,264.01,242
888,279267,167.5,245.89,232
889,279640,167.62,273.85,373
890,279883,167.7,236.25,243
891,280071,167.8,262.45,188
892,280331,167.93,285.43,260
893,280545,168.02,248.09,214
894,280802,168.14,269.07,257
895,281068,168.25,271.53,266
896,281316,168.37,274.71,248
897,281531,168.44,235.05,215
898,281748,168.57,278.94,217
899,281971,168.67,263.13,223
900,282225,168.8,280.61,254
901,282792,168.9,262.56,567
902,283076,169.04,293.66,284
903,283332,169.15,268.82,256
904,283554,169.27,280.11,222
905,283773,169.38,265.67,219
906,283976,169.49,268.25,203
907,284248,169.59,265.85,272
908,284518,169.69,256.56,270
909,284713,169.81,276.19,195
910,285092,169.91,262.13,379
911,285359,169.98,238.14,267
912,285790,170.1,277.04,431
913,286029,170.19,252.3,239
914,286515,170.25,225.44,486
915,286761,170.38,286.33,246
916,287003,170.49,276.88,242
917,287235,170.6,270.61,232
918,288235,170.43,12.67,1000
919,288480,170.55,285.33,245
920,288704,170.65,261.66,224
921,288905,170.72,231.01,201
922,289097,170.86,299.08,192
923,289355,170.98,288.1,258
924,289545,171.06,242.4,190
925,289817,171.16,264.41,272
926,290065,171.29,290.51,248
927,290322,171.41,277.92,257
928,290510,171.55,303.27,188
929,290714,171.65,262.6,204
930,290984,171.74,259.82,270
931,291204,171.85,269.73,220
932,291371,171.95,273.56,167
933,291709,172.06,273.17,338
934,291921,172.17,269.03,212
935,292154,172.3,293.79,233
936,292525,172.41,279.69,371
937,292735,172.51,263.52,210
938,292939,172.62,274.86,204
939,293139,172.73,276.5,200
940,293330,172.83,265.86,191
941,293628,172.94,276.1,298
942,293853,173.03,262.65,225
943,294089,173.16,293.46,236
944,294317,173.27,274.78,228
945,294534,173.39,285.21,217
946,294768,173.52,297.54,234
947,295004,173.62,271.37,236
948,295251,173.74,283.73,247
949,295523,173.83,263.94,272
950,295753,173.93,271.1,230
951,295978,174.07,305.45,225
952,296208,174.16,258.98,230
953,296456,174.29,297.11,248
954,296839,174.39,274.7,383
955,297681,174.46,234.21,842
956,297880,174.56,276.19,199
957,298101,174.65,255.37,221
958,298272,174.77,296.01,171
959,298481,174.89,281.41,209
960,298678,174.97,257.27,197
961,298956,175.07,274.78,278
962,299229,175.2,296.32,273
963,299434,175.29,262.62,205
964,299636,175.36,242.98,202
965,299872,175.48,289.9,236
966,300133,175.62,313.23,261
967,300397,175.74,287.17,264
968,300580,175.82,256.41,183
969,300785,175.89,239.98,205
970,301202,175.99,278.81,417
971,301451,176.12,297.38,249
972,301655,176.2,259.16,204
973,301918,176.33,297.65,263
974,302161,176.43,279.02,243
975,302361,176.53,271.9,200
976,302559,176.65,295.54,198
977,302845,176.75,268.06,286
978,303043,176.83,254.66,198
979,303249,176.93,283.81,206
980,303446,177.02,260.96,197
981,303644,177.11,266.74,198
982,303849,177.21,272.12,205
983,304048,177.3,271.27,199
984,304222,177.37,241.94,174
985,304479,177.5,307.57,257
986,304697,177.63,301.13,218
987,304951,177.76,313.26,254
988,305192,177.89,297.29,241
989,305412,178.01,301.09,220
990,305636,178.11,279.51,224
991,305799,178.21,279.29,163
992,306004,178.31,269.36,205
993,306265,178.42,295.85,261
994,306453,178.51,259.95,188
995,306627,178.6,268.83,174
996,306852,178.7,279.82,225
997,307022,178.77,249.66,170
998,307212,178.84,247.22,190
999,307432,178.95,295.1,220
