episode,total_reward,steps,global_step,mean_100,termination_reason
0,-220.98,87,87,-220.98,crash
1,-102.92,70,157,-161.95,crash
2,-281.82,83,240,-201.91,crash
3,-185.7,95,335,-197.86,crash
4,-365.57,81,416,-231.4,crash
5,-91.87,72,488,-208.14,crash
6,-151.44,131,619,-200.04,out_of_view
7,-59.88,94,713,-182.52,crash
8,-93.61,66,779,-172.64,crash
9,-107.36,82,861,-166.12,crash
10,-63.86,67,928,-156.82,crash
11,-187.54,91,1019,-159.38,crash
12,-345.92,101,1120,-173.73,out_of_view
13,-277.83,100,1220,-181.17,crash
14,-19.56,79,1299,-170.39,crash
15,-132.41,133,1432,-168.02,crash
16,-182.91,147,1579,-168.89,crash
17,-124.46,165,1744,-166.43,crash
18,-45.77,71,1815,-160.08,crash
19,-215.11,120,1935,-162.83,crash
20,-85.33,154,2089,-159.14,crash
21,-157.77,78,2167,-159.07,crash
22,-154.3,157,2324,-158.87,crash
23,-75.63,157,2481,-155.4,crash
24,-267.34,122,2603,-159.88,crash
25,-115.79,140,2743,-158.18,crash
26,-61.88,120,2863,-154.61,crash
27,-102.99,135,2998,-152.77,crash
28,-144.43,113,3111,-152.48,crash
29,-147.82,186,3297,-152.33,crash
30,-210.86,224,3521,-154.22,crash
31,-172.2,217,3738,-154.78,crash
32,-73.08,156,3894,-152.3,crash
33,-43.92,127,4021,-149.11,crash
34,-134.58,95,4116,-148.7,crash
35,-586.41,90,4206,-160.86,crash
36,-77.88,206,4412,-158.61,crash
37,-5.92,153,4565,-154.6,crash
38,-77.85,259,4824,-152.63,crash
39,-146.18,332,5156,-152.47,crash
40,-126.11,187,5343,-151.82,crash
41,-64.5,341,5684,-149.75,crash
42,21.87,208,5892,-145.75,crash
43,-53.8,125,6017,-143.66,crash
44,-85.16,89,6106,-142.36,crash
45,-83.33,185,6291,-141.08,crash
46,-69.11,317,6608,-139.55,crash
47,-9.07,258,6866,-136.83,crash
48,-2.69,149,7015,-134.09,crash
49,-142.44,284,7299,-134.26,crash
50,-167.61,169,7468,-134.91,crash
51,-31.6,206,7674,-132.93,crash
52,-45.19,325,7999,-131.27,crash
53,-38.89,156,8155,-129.56,crash
54,41.05,153,8308,-126.46,crash
55,-2.0,221,8529,-124.24,crash
56,-317.12,235,8764,-127.62,crash
57,-240.41,176,8940,-129.57,crash
58,-88.09,383,9323,-128.86,crash
59,-177.37,182,9505,-129.67,crash
60,-170.22,451,9956,-130.34,crash
61,-244.07,281,10237,-132.17,crash
62,-159.78,618,10855,-132.61,crash
63,-211.09,158,11013,-133.83,crash
64,-76.31,179,11192,-132.95,crash
65,-130.19,1000,12192,-132.91,timeout
66,-255.77,843,13035,-134.74,out_of_view
67,-144.42,1000,14035,-134.88,timeout
68,-44.97,287,14322,-133.58,crash
69,-80.73,1000,15322,-132.83,timeout
70,-84.54,1000,16322,-132.15,timeout
71,-83.56,1000,17322,-131.47,timeout
72,-121.36,1000,18322,-131.33,timeout
73,-105.13,1000,19322,-130.98,timeout
74,-82.58,1000,20322,-130.33,timeout
75,-87.72,1000,21322,-129.77,timeout
76,-153.01,564,21886,-130.07,out_of_view
77,-102.08,1000,22886,-129.72,timeout
78,-42.14,1000,23886,-128.61,timeout
79,-108.22,1000,24886,-128.35,timeout
80,-109.75,1000,25886,-128.12,timeout
81,-69.6,387,26273,-127.41,crash
82,-57.83,1000,27273,-126.57,timeout
83,-73.45,1000,28273,-125.94,timeout
84,-116.83,1000,29273,-125.83,timeout
85,242.85,393,29666,-121.54,landed
86,-47.3,1000,30666,-120.69,timeout
87,-110.65,1000,31666,-120.58,timeout
88,36.79,175,31841,-118.81,crash
89,-31.04,220,32061,-117.83,out_of_view
90,-77.18,1000,33061,-117.39,timeout
91,-159.29,810,33871,-117.84,out_of_view
92,-76.06,1000,34871,-117.39,timeout
93,-71.03,1000,35871,-116.9,timeout
94,-92.72,1000,36871,-116.64,timeout
95,41.18,1000,37871,-115.0,timeout
96,53.81,1000,38871,-113.26,timeout
97,-107.82,401,39272,-113.2,out_of_view
98,-64.1,1000,40272,-112.71,timeout
99,-63.58,1000,41272,-112.22,timeout
100,-30.49,1000,42272,-110.31,timeout
101,-32.19,1000,43272,-109.61,timeout
102,-33.69,1000,44272,-107.12,timeout
103,-80.36,1000,45272,-106.07,timeout
104,-12.1,1000,46272,-102.54,timeout
105,-4.8,1000,47272,-101.67,timeout
106,-29.49,1000,48272,-100.45,timeout
107,-68.12,1000,49272,-100.53,timeout
108,-71.08,1000,50272,-100.3,timeout
109,-35.85,1000,51272,-99.59,timeout
110,-45.11,1000,52272,-99.4,timeout
0,-152.37,93,93,-152.37,crash
1,-64.51,118,211,-108.44,crash
2,-103.73,78,289,-106.87,crash
3,-343.95,99,388,-166.14,crash
4,-142.95,105,493,-161.5,crash
5,-237.09,101,594,-174.1,crash
6,-472.67,107,701,-216.75,crash
7,-383.38,137,838,-237.58,crash
8,-376.91,111,949,-253.06,crash
9,-53.46,112,1061,-233.1,crash
10,-41.72,77,1138,-215.7,crash
11,-81.39,66,1204,-204.51,crash
12,-228.62,110,1314,-206.37,crash
13,-87.54,76,1390,-197.88,crash
14,-225.55,162,1552,-199.72,crash
15,-207.66,125,1677,-200.22,crash
16,-186.86,110,1787,-199.43,crash
17,-261.81,134,1921,-202.9,crash
18,-104.61,90,2011,-197.73,crash
19,-279.07,152,2163,-201.79,crash
20,-201.85,153,2316,-201.8,crash
21,-66.63,88,2404,-195.65,crash
22,-113.69,159,2563,-192.09,crash
23,-142.31,147,2710,-190.01,crash
24,-113.26,128,2838,-186.94,crash
25,-101.75,96,2934,-183.67,crash
26,-73.5,170,3104,-179.59,crash
27,-130.75,141,3245,-177.84,crash
28,-112.72,91,3336,-175.6,crash
29,-137.35,156,3492,-174.32,crash
30,-311.51,217,3709,-178.75,crash
31,-126.12,131,3840,-177.1,crash
32,-118.09,120,3960,-175.31,crash
33,-142.79,259,4219,-174.36,crash
34,-171.39,141,4360,-174.27,crash
35,-21.3,195,4555,-170.02,crash
36,-148.31,206,4761,-169.44,crash
37,-150.7,140,4901,-168.94,crash
38,-79.27,162,5063,-166.65,crash
39,-44.17,112,5175,-163.58,crash
40,-76.42,289,5464,-161.46,crash
41,-202.55,196,5660,-162.44,crash
42,-119.29,320,5980,-161.43,crash
43,-140.22,215,6195,-160.95,crash
44,29.05,185,6380,-156.73,crash
45,-110.62,177,6557,-155.73,crash
46,-72.98,288,6845,-153.96,crash
47,-27.81,151,6996,-151.34,crash
48,-130.49,249,7245,-150.91,crash
49,-198.7,183,7428,-151.87,crash
50,-93.71,264,7692,-150.73,crash
51,-151.3,893,8585,-150.74,crash
52,-107.56,1000,9585,-149.92,timeout
53,-42.9,413,9998,-147.94,crash
54,-98.9,469,10467,-147.05,crash
55,-77.36,647,11114,-145.8,crash
56,9.21,1000,12114,-143.09,timeout
57,-51.28,1000,13114,-141.5,timeout
58,-209.6,269,13383,-142.66,crash
59,68.73,159,13542,-139.13,crash
60,39.3,1000,14542,-136.21,timeout
61,-37.45,1000,15542,-134.62,timeout
62,-45.67,316,15858,-133.2,crash
63,-14.72,1000,16858,-131.35,timeout
64,-78.08,1000,17858,-130.53,timeout
65,-111.45,1000,18858,-130.24,timeout
66,-28.69,1000,19858,-128.73,timeout
67,-190.47,636,20494,-129.64,out_of_view
68,11.51,1000,21494,-127.59,timeout
69,28.8,1000,22494,-125.36,timeout
70,-28.58,1000,23494,-123.99,timeout
71,-21.59,1000,24494,-122.57,timeout
72,-47.54,1000,25494,-121.54,timeout
73,-23.62,1000,26494,-120.22,timeout
74,-34.33,1000,27494,-119.07,timeout
75,-10.41,1000,28494,-117.64,timeout
76,-54.14,1000,29494,-116.82,timeout
77,-10.07,1000,30494,-115.45,timeout
78,-35.93,1000,31494,-114.44,timeout
79,-18.9,1000,32494,-113.25,timeout
80,-11.57,1000,33494,-112.0,timeout
81,16.06,1000,34494,-110.43,timeout
82,-88.0,136,34630,-110.16,out_of_view
83,-25.58,1000,35630,-109.16,timeout
84,18.62,1000,36630,-107.65,timeout
85,-34.14,1000,37630,-106.8,timeout
86,-29.2,1000,38630,-105.91,timeout
87,-56.61,1000,39630,-105.35,timeout
88,-3.87,1000,40630,-104.21,timeout
89,-28.36,161,40791,-103.36,crash
90,-22.07,1000,41791,-102.47,timeout
91,1.07,1000,42791,-101.34,timeout
92,-68.51,1000,43791,-100.99,timeout
93,-37.61,1000,44791,-100.32,timeout
94,-51.08,1000,45791,-99.8,timeout
95,-37.45,1000,46791,-99.15,timeout
96,-49.72,161,46952,-98.64,out_of_view
97,32.22,1000,47952,-97.3,timeout
98,-67.35,1000,48952,-97.0,timeout
99,-77.22,1000,49952,-96.8,timeout
100,-78.35,292,50244,-96.06,crash
101,-33.52,1000,51244,-95.75,timeout
102,-36.89,1000,52244,-95.09,timeout
103,21.66,1000,53244,-91.43,timeout
104,-91.56,118,53362,-90.92,crash
105,-130.11,179,53541,-89.85,out_of_view
106,-25.39,1000,54541,-85.37,timeout
107,105.85,681,55222,-80.48,landed
108,21.25,1000,56222,-76.5,timeout
109,-59.48,140,56362,-76.56,crash
110,-83.39,1000,57362,-76.98,timeout
111,-32.25,1000,58362,-76.48,timeout
112,-84.89,1000,59362,-75.05,timeout
113,-133.62,1000,60362,-75.51,timeout
114,-44.23,72,60434,-73.69,crash
115,-145.47,1000,61434,-73.07,timeout
116,121.02,963,62397,-69.99,landed
117,-106.09,239,62636,-68.44,out_of_view
118,-101.3,1000,63636,-68.4,timeout
119,-180.75,761,64397,-67.42,out_of_view
120,-139.08,1000,65397,-66.79,timeout
121,15.88,1000,66397,-65.97,timeout
122,-98.11,1000,67397,-65.81,timeout
123,-180.19,816,68213,-66.19,out_of_view
124,-73.92,156,68369,-65.8,out_of_view
125,140.77,998,69367,-63.37,landed
126,191.7,861,70228,-60.72,landed
127,195.85,872,71100,-57.45,landed
128,-64.61,1000,72100,-56.97,timeout
129,-159.67,70,72170,-57.2,crash
130,-33.98,1000,73170,-54.42,timeout
131,-75.56,1000,74170,-53.92,timeout
132,-27.24,1000,75170,-53.01,timeout
133,259.69,561,75731,-48.98,landed
134,-89.82,1000,76731,-48.17,timeout
135,-29.71,1000,77731,-48.25,timeout
136,-62.75,1000,78731,-47.39,timeout
137,128.43,982,79713,-44.6,landed
138,-93.56,1000,80713,-44.75,timeout
139,-60.45,1000,81713,-44.91,timeout
140,-106.06,1000,82713,-45.21,timeout
141,-29.38,1000,83713,-43.47,timeout
142,-26.57,1000,84713,-42.55,timeout
143,-62.02,158,84871,-41.76,crash
144,-90.32,1000,85871,-42.96,timeout
145,227.71,445,86316,-39.58,landed
146,-51.31,1000,87316,-39.36,timeout
147,-275.63,183,87499,-41.84,crash
148,276.01,617,88116,-37.77,landed
149,280.67,421,88537,-32.98,landed
150,194.77,439,88976,-30.09,landed
151,230.1,488,89464,-26.28,landed
152,242.63,508,89972,-22.78,landed
153,-161.82,91,90063,-23.97,crash
154,-59.78,360,90423,-23.58,crash
155,-198.97,93,90516,-24.79,crash
156,-94.31,113,90629,-25.83,crash
157,213.22,476,91105,-23.18,landed
158,-56.42,1000,92105,-21.65,timeout
159,-71.17,197,92302,-23.05,crash
160,-92.46,90,92392,-24.37,crash
161,-278.88,96,92488,-26.78,crash
162,-125.5,154,92642,-27.58,crash
163,-133.77,99,92741,-28.77,crash
164,-109.0,111,92852,-29.08,crash
165,-105.48,80,92932,-29.02,crash
166,-41.52,246,93178,-29.15,crash
167,-147.65,58,93236,-28.72,crash
168,6.64,318,93554,-28.77,crash
169,-165.31,57,93611,-30.71,crash
170,-19.73,432,94043,-30.62,crash
171,-55.82,200,94243,-30.96,crash
172,-139.91,70,94313,-31.89,crash
173,-52.44,213,94526,-32.17,crash
174,243.25,392,94918,-29.4,landed
175,-71.64,153,95071,-30.01,crash
176,170.47,559,95630,-27.77,landed
177,-82.18,106,95736,-28.49,crash
178,-9.19,68,95804,-28.22,crash
179,-32.81,389,96193,-28.36,crash
180,240.98,379,96572,-25.83,landed
181,203.34,624,97196,-23.96,landed
182,-99.52,1000,98196,-24.07,timeout
183,-62.84,561,98757,-24.45,crash
184,194.59,994,99751,-22.69,landed
185,-38.02,1000,100751,-22.73,timeout
186,245.84,500,101251,-19.98,landed
187,-128.52,601,101852,-20.7,crash
188,170.87,793,102645,-18.95,landed
189,205.8,514,103159,-16.61,landed
190,214.02,521,103680,-14.25,landed
191,229.07,545,104225,-11.97,landed
192,122.98,956,105181,-10.05,landed
193,203.98,675,105856,-7.63,landed
194,214.42,553,106409,-4.98,landed
195,-65.59,201,106610,-5.26,crash
196,212.04,438,107048,-2.64,landed
197,155.33,737,107785,-1.41,landed
198,14.79,1000,108785,-0.59,timeout
199,-117.87,1000,109785,-1.0,timeout
200,195.08,471,110256,1.74,landed
201,191.3,508,110764,3.99,landed
202,219.43,616,111380,6.55,landed
203,224.29,442,111822,8.57,landed
204,199.87,537,112359,11.49,landed
205,-138.61,93,112452,11.4,out_of_view
206,216.48,621,113073,13.82,landed
207,255.3,329,113402,15.32,landed
208,-40.07,1000,114402,14.7,timeout
209,-58.31,1000,115402,14.72,timeout
210,-57.32,1000,116402,14.98,timeout
211,233.31,312,116714,17.63,landed
212,-58.13,1000,117714,17.9,timeout
213,-529.11,687,118401,13.94,crash
214,204.44,360,118761,16.43,landed
215,239.57,422,119183,20.28,landed
216,265.76,350,119533,21.73,landed
217,227.02,854,120387,25.06,landed
218,-10.02,510,120897,25.97,crash
219,219.1,361,121258,29.97,landed
220,161.7,988,122246,32.98,landed
221,249.91,411,122657,35.32,landed
222,272.07,356,123013,39.02,landed
223,-18.73,262,123275,40.64,crash
224,252.67,334,123609,43.9,landed
225,234.29,524,124133,44.84,landed
226,266.51,257,124390,45.59,landed
227,244.05,444,124834,46.07,landed
228,217.03,342,125176,48.88,landed
229,252.07,376,125552,53.0,landed
230,242.04,305,125857,55.76,landed
231,279.39,344,126201,59.31,landed
232,230.1,362,126563,61.88,landed
233,-219.3,484,127047,57.09,crash
234,240.01,362,127409,60.39,landed
235,255.03,384,127793,63.24,landed
236,277.99,388,128181,66.65,landed
237,247.11,594,128775,67.83,landed
238,233.47,312,129087,71.1,landed
239,279.51,359,129446,74.5,landed
240,248.91,375,129821,78.05,landed
241,233.0,301,130122,80.68,landed
242,252.21,394,130516,83.47,landed
243,214.62,694,131210,86.23,landed
244,264.91,429,131639,89.78,landed
245,267.97,402,132041,90.19,landed
246,240.38,326,132367,93.1,landed
247,267.68,363,132730,98.54,landed
248,269.98,417,133147,98.48,landed
249,232.63,487,133634,98.0,landed
250,253.06,394,134028,98.58,landed
251,239.14,274,134302,98.67,landed
252,241.36,302,134604,98.66,landed
253,240.91,310,134914,102.68,landed
254,-61.57,386,135300,102.67,crash
255,281.49,403,135703,107.47,landed
256,283.51,309,136012,111.25,landed
257,247.73,436,136448,111.59,landed
258,268.71,314,136762,114.84,landed
259,274.56,318,137080,118.3,landed
260,240.2,277,137357,121.63,landed
261,240.48,258,137615,126.82,landed
262,263.68,351,137966,130.71,landed
263,235.35,258,138224,134.41,landed
264,264.11,277,138501,138.14,landed
265,263.76,298,138799,141.83,landed
266,286.25,378,139177,145.11,landed
267,-30.91,276,139453,146.27,crash
268,294.01,284,139737,149.15,landed
269,288.8,295,140032,153.69,landed
270,226.63,543,140575,156.15,landed
271,268.67,403,140978,159.4,landed
272,250.45,432,141410,163.3,landed
273,274.52,354,141764,166.57,landed
274,245.41,254,142018,166.59,landed
275,232.32,298,142316,169.63,landed
276,227.55,278,142594,170.2,landed
277,217.19,388,142982,173.2,landed
278,275.03,366,143348,176.04,landed
279,248.14,303,143651,178.85,landed
280,248.57,299,143950,178.92,landed
281,249.23,309,144259,179.38,landed
282,282.99,420,144679,183.21,landed
283,220.93,305,144984,186.05,landed
284,273.63,501,145485,186.84,landed
285,252.91,323,145808,189.75,landed
286,268.15,365,146173,189.97,landed
287,235.58,565,146738,193.61,landed
288,266.7,335,147073,194.57,landed
289,241.65,292,147365,194.93,landed
290,239.18,326,147691,195.18,landed
291,292.26,261,147952,195.81,landed
292,266.62,242,148194,197.25,landed
293,252.36,324,148518,197.73,landed
294,253.92,293,148811,198.12,landed
295,229.79,257,149068,201.08,landed
296,229.9,293,149361,201.26,landed
297,243.96,287,149648,202.14,landed
298,264.75,313,149961,204.64,landed
299,247.54,253,150214,208.3,landed
300,280.56,335,150549,209.15,landed
301,219.89,285,150834,209.44,landed
302,271.42,289,151123,209.96,landed
303,249.53,264,151387,210.21,landed
304,242.35,344,151731,210.63,landed
305,298.22,302,152033,215.0,landed
306,246.86,305,152338,215.31,landed
307,258.01,312,152650,215.33,landed
308,268.17,413,153063,218.42,landed
309,271.15,333,153396,221.71,landed
310,253.54,268,153664,224.82,landed
311,227.64,922,154586,224.76,landed
312,252.46,301,154887,227.87,landed
313,239.14,381,155268,235.55,landed
314,268.13,273,155541,236.19,landed
315,271.0,297,155838,236.5,landed
316,267.5,307,156145,236.52,landed
317,261.58,267,156412,236.87,landed
318,275.02,405,156817,239.72,landed
319,270.97,254,157071,240.23,landed
320,232.52,290,157361,240.94,landed
321,246.62,271,157632,240.91,landed
322,268.15,363,157995,240.87,landed
323,221.97,576,158571,243.28,landed
324,240.77,287,158858,243.16,landed
325,276.83,270,159128,243.58,landed
326,255.16,323,159451,243.47,landed
327,258.35,266,159717,243.61,landed
328,281.67,259,159976,244.26,landed
329,244.5,253,160229,244.18,landed
330,237.88,271,160500,244.14,landed
331,241.16,365,160865,243.76,landed
332,279.85,320,161185,244.26,landed
333,268.47,313,161498,249.14,landed
334,262.27,322,161820,249.36,landed
335,242.29,278,162098,249.23,landed
336,272.7,323,162421,249.18,landed
337,262.89,331,162752,249.34,landed
338,272.58,287,163039,249.73,landed
339,245.44,279,163318,249.39,landed
340,257.31,492,163810,249.47,landed
341,260.79,299,164109,249.75,landed
342,278.88,307,164416,250.02,landed
343,253.13,266,164682,250.4,landed
344,289.62,421,165103,250.65,landed
345,262.89,274,165377,250.6,landed
346,245.75,252,165629,250.65,landed
347,217.73,326,165955,250.15,landed
348,271.68,314,166269,250.17,landed
349,249.18,259,166528,250.33,landed
350,234.24,239,166767,250.15,landed
351,240.6,426,167193,250.16,landed
352,260.66,260,167453,250.35,landed
353,256.37,264,167717,250.51,landed
354,270.98,284,168001,253.83,landed
355,240.56,245,168246,253.42,landed
356,225.74,261,168507,252.85,landed
357,266.52,258,168765,253.03,landed
358,265.16,323,169088,253.0,landed
359,263.45,304,169392,252.89,landed
360,268.51,215,169607,253.17,landed
361,241.71,240,169847,253.18,landed
362,255.84,281,170128,253.1,landed
363,269.03,284,170412,253.44,landed
364,258.6,282,170694,253.39,landed
365,258.7,237,170931,253.34,landed
366,269.25,277,171208,253.17,landed
367,261.6,519,171727,256.09,landed
368,288.65,281,172008,256.04,landed
369,308.91,215,172223,256.24,landed
370,275.85,276,172499,256.73,landed
371,263.72,508,173007,256.68,landed
372,311.85,203,173210,257.29,landed
373,293.82,245,173455,257.49,landed
374,263.89,236,173691,257.67,landed
375,320.7,206,173897,258.56,landed
376,246.09,288,174185,258.74,landed
377,297.85,253,174438,259.55,landed
378,268.87,289,174727,259.49,landed
379,297.92,277,175004,259.98,landed
380,278.68,242,175246,260.29,landed
381,307.18,190,175436,260.86,landed
382,254.04,235,175671,260.58,landed
383,274.44,223,175894,261.11,landed
384,295.53,257,176151,261.33,landed
385,262.31,238,176389,261.42,landed
386,246.59,243,176632,261.21,landed
387,297.05,224,176856,261.82,landed
388,227.48,246,177102,261.43,landed
389,246.01,234,177336,261.47,landed
390,243.1,219,177555,261.51,landed
391,279.14,359,177914,261.38,landed
392,305.73,241,178155,261.77,landed
393,309.99,180,178335,262.35,landed
394,255.47,287,178622,262.36,landed
395,295.92,209,178831,263.03,landed
396,287.2,265,179096,263.6,landed
397,278.17,366,179462,263.94,landed
398,289.55,351,179813,264.19,landed
399,86.16,151,179964,262.58,crash
400,251.49,882,180846,262.28,landed
401,240.94,238,181084,262.5,landed
402,280.26,420,181504,262.58,landed
403,267.18,222,181726,262.76,landed
404,266.2,467,182193,263.0,landed
405,308.69,184,182377,263.1,landed
406,283.15,218,182595,263.47,landed
407,284.54,232,182827,263.73,landed
408,247.38,390,183217,263.52,landed
409,276.22,219,183436,263.57,landed
410,229.14,212,183648,263.33,landed
411,43.39,120,183768,261.49,crash
412,6.36,173,183941,259.03,crash
413,-15.44,128,184069,256.48,crash
414,244.45,273,184342,256.24,landed
415,253.6,277,184619,256.07,landed
416,288.5,208,184827,256.28,landed
417,-110.51,86,184913,252.56,crash
418,234.5,268,185181,252.15,landed
419,-97.23,92,185273,248.47,crash
420,-351.37,105,185378,242.63,crash
421,-133.59,116,185494,238.83,crash
422,0.37,260,185754,236.15,crash
423,-21.72,149,185903,233.72,crash
424,-125.68,124,186027,230.05,crash
425,275.32,195,186222,230.04,landed
426,263.93,200,186422,230.12,landed
427,258.47,232,186654,230.13,landed
428,264.59,244,186898,229.95,landed
429,-114.11,115,187013,226.37,crash
430,-56.48,94,187107,223.42,crash
431,26.42,109,187216,221.28,crash
432,73.32,118,187334,219.21,crash
433,228.17,445,187779,218.81,landed
434,0.17,318,188097,216.19,crash
435,251.83,380,188477,216.28,landed
436,-17.86,102,188579,213.38,crash
437,23.31,158,188737,210.98,crash
438,282.88,306,189043,211.09,landed
439,-85.9,112,189155,207.77,crash
440,214.86,243,189398,207.35,landed
441,70.54,122,189520,205.44,crash
442,-24.02,80,189600,202.42,crash
443,29.06,94,189694,200.18,crash
444,41.6,156,189850,197.69,crash
445,309.33,238,190088,198.16,landed
446,163.7,444,190532,197.34,landed
447,18.76,124,190656,195.35,crash
448,233.74,335,190991,194.97,landed
449,255.91,341,191332,195.04,landed
450,283.97,226,191558,195.53,landed
451,19.93,173,191731,193.33,crash
452,255.78,298,192029,193.28,landed
453,17.14,116,192145,190.89,crash
454,38.4,110,192255,188.56,crash
455,36.97,140,192395,186.52,crash
456,-66.38,112,192507,183.6,crash
457,291.6,256,192763,183.85,landed
458,42.33,111,192874,181.63,crash
459,28.85,132,193006,179.28,crash
460,-0.26,100,193106,176.59,crash
461,273.04,218,193324,176.91,landed
462,14.84,120,193444,174.5,crash
463,287.93,180,193624,174.68,landed
464,-829.32,108,193732,163.81,crash
465,-51.62,70,193802,160.7,crash
466,240.77,263,194065,160.42,landed
467,-13.25,68,194133,157.67,crash
468,10.6,126,194259,154.89,crash
469,290.79,223,194482,154.71,landed
470,256.35,271,194753,154.51,landed
471,301.81,196,194949,154.89,landed
472,-102.17,91,195040,150.75,crash
473,198.83,578,195618,149.8,landed
474,34.28,142,195760,147.51,crash
475,-130.22,95,195855,143.0,crash
476,250.08,259,196114,143.04,landed
477,259.05,779,196893,142.65,landed
478,262.71,272,197165,142.59,landed
479,283.3,236,197401,142.44,landed
480,-25.91,99,197500,139.4,crash
481,271.4,221,197721,139.04,landed
482,260.39,272,197993,139.1,landed
483,258.73,192,198185,138.94,landed
484,280.14,339,198524,138.79,landed
485,-162.18,257,198781,134.55,crash
486,240.94,283,199064,134.49,landed
487,255.04,229,199293,134.07,landed
488,273.62,169,199462,134.53,landed
489,268.22,147,199609,134.75,landed
490,264.81,253,199862,134.97,landed
491,25.69,152,200014,132.44,crash
492,264.61,401,200415,132.02,landed
493,15.21,96,200511,129.08,crash
494,1.26,102,200613,126.53,crash
495,-158.04,52,200665,121.99,crash
496,-1.58,109,200774,119.11,crash
497,7.92,135,200909,116.4,crash
498,-2.59,96,201005,113.48,crash
499,306.63,188,201193,115.69,landed
500,-59.11,121,201314,112.58,crash
501,248.92,173,201487,112.66,landed
502,231.0,190,201677,112.17,landed
503,283.42,185,201862,112.33,landed
504,53.36,143,202005,110.2,crash
505,269.45,220,202225,109.81,landed
506,-144.79,84,202309,105.53,crash
507,-152.23,136,202445,101.16,crash
508,272.62,499,202944,101.42,landed
509,35.74,131,203075,99.01,crash
510,-90.8,93,203168,95.81,crash
511,237.18,247,203415,97.75,landed
512,252.24,187,203602,100.21,landed
513,296.6,594,204196,103.33,landed
514,243.22,220,204416,103.32,landed
515,19.08,118,204534,100.97,crash
516,285.8,310,204844,100.94,landed
517,224.76,435,205279,104.3,landed
518,286.05,178,205457,104.81,landed
519,255.09,449,205906,108.34,landed
520,255.69,285,206191,114.41,landed
521,310.19,345,206536,118.84,landed
522,273.41,189,206725,121.57,landed
523,259.96,276,207001,124.39,landed
524,257.91,219,207220,128.23,landed
525,265.24,511,207731,128.13,landed
526,-151.21,285,208016,123.98,crash
527,285.79,197,208213,124.25,landed
528,245.62,246,208459,124.06,landed
529,291.59,224,208683,128.12,landed
530,257.41,172,208855,131.25,landed
531,250.75,224,209079,133.5,landed
532,267.23,268,209347,135.44,landed
533,271.85,207,209554,135.87,landed
534,262.39,237,209791,138.5,landed
535,295.13,230,210021,138.93,landed
536,288.56,163,210184,141.99,landed
537,248.09,236,210420,144.24,landed
538,303.66,501,210921,144.45,landed
539,277.19,211,211132,148.08,landed
540,275.95,296,211428,148.69,landed
541,277.97,640,212068,150.77,landed
542,13.29,142,212210,151.14,crash
543,293.21,711,212921,153.78,landed
544,268.09,218,213139,156.04,landed
545,283.25,199,213338,155.78,landed
546,308.87,187,213525,157.24,landed
547,291.28,145,213670,159.96,landed
548,271.94,255,213925,160.34,landed
549,245.96,263,214188,160.24,landed
550,-294.55,464,214652,154.46,crash
551,232.22,441,215093,156.58,landed
552,278.91,200,215293,156.81,landed
553,265.13,298,215591,159.29,landed
554,245.48,303,215894,161.36,landed
555,248.79,219,216113,163.48,landed
556,260.93,210,216323,166.75,landed
557,274.03,214,216537,166.58,landed
558,274.86,211,216748,168.9,landed
559,248.2,384,217132,171.1,landed
560,243.52,273,217405,173.53,landed
561,261.57,235,217640,173.42,landed
562,286.97,179,217819,176.14,landed
563,266.81,290,218109,175.93,landed
564,280.26,163,218272,187.03,landed
565,287.55,256,218528,190.42,landed
566,252.37,475,219003,190.53,landed
567,270.15,212,219215,193.37,landed
568,262.52,300,219515,195.89,landed
569,229.82,323,219838,195.28,landed
570,280.87,259,220097,195.52,landed
571,31.3,142,220239,192.82,crash
572,250.84,261,220500,196.35,landed
573,239.84,189,220689,196.76,landed
574,266.35,186,220875,199.08,landed
575,234.4,262,221137,202.72,landed
576,268.88,457,221594,202.91,landed
577,305.36,163,221757,203.38,landed
578,214.18,268,222025,202.89,landed
579,247.36,234,222259,202.53,landed
580,308.7,166,222425,205.88,landed
581,271.76,394,222819,205.88,landed
582,283.31,188,223007,206.11,landed
583,294.49,189,223196,206.47,landed
584,295.4,163,223359,206.62,landed
585,251.23,267,223626,210.75,landed
586,280.13,177,223803,211.15,landed
587,295.07,233,224036,211.55,landed
588,29.28,159,224195,209.1,crash
589,275.13,194,224389,209.17,landed
590,181.02,531,224920,208.33,landed
591,267.78,550,225470,210.75,landed
592,263.46,174,225644,210.74,landed
593,-139.28,217,225861,209.2,crash
594,44.23,134,225995,209.63,crash
595,283.78,200,226195,214.05,landed
596,11.81,128,226323,214.18,crash
597,232.4,184,226507,216.43,landed
598,258.47,239,226746,219.04,landed
599,224.1,257,227003,218.21,landed
600,178.88,657,227660,220.59,landed
601,269.16,209,227869,220.79,landed
602,270.4,256,228125,221.19,landed
603,278.4,180,228305,221.14,landed
604,266.75,186,228491,223.27,landed
605,232.11,200,228691,222.9,landed
606,247.33,360,229051,226.82,landed
607,231.99,192,229243,230.66,landed
608,263.72,226,229469,230.57,landed
609,258.14,194,229663,232.8,landed
610,259.55,203,229866,236.3,landed
611,280.67,405,230271,236.73,landed
612,259.22,265,230536,236.8,landed
613,297.42,283,230819,236.81,landed
614,240.92,280,231099,236.79,landed
615,247.19,227,231326,239.07,landed
616,249.86,183,231509,238.71,landed
617,263.64,252,231761,239.1,landed
618,14.51,163,231924,236.38,crash
619,258.32,271,232195,236.42,landed
620,279.73,238,232433,236.66,landed
621,284.29,229,232662,236.4,landed
622,269.34,212,232874,236.36,landed
623,288.9,359,233233,236.65,landed
624,253.71,252,233485,236.6,landed
625,249.42,231,233716,236.45,landed
626,252.33,179,233895,240.48,landed
627,259.44,274,234169,240.22,landed
628,273.78,212,234381,240.5,landed
629,258.89,662,235043,240.17,landed
630,239.85,494,235537,240.0,landed
631,282.13,204,235741,240.31,landed
632,278.32,200,235941,240.42,landed
633,286.77,202,236143,240.57,landed
634,258.37,282,236425,240.53,landed
635,263.56,193,236618,240.22,landed
636,259.08,256,236874,239.92,landed
637,240.34,869,237743,239.84,landed
638,232.2,223,237966,239.13,landed
639,255.08,273,238239,238.91,landed
640,267.97,432,238671,238.83,landed
641,270.92,166,238837,238.76,landed
642,257.77,397,239234,241.2,landed
643,242.8,192,239426,240.7,landed
644,188.0,277,239703,239.9,landed
645,40.94,144,239847,237.47,crash
646,243.44,182,240029,236.82,landed
647,290.62,371,240400,236.81,landed
648,230.47,273,240673,236.4,landed
649,-167.03,97,240770,232.27,crash
650,276.12,266,241036,237.97,landed
651,259.22,191,241227,238.24,landed
652,-12.63,174,241401,235.33,crash
653,196.29,375,241776,234.64,landed
654,268.83,237,242013,234.87,landed
655,242.07,216,242229,234.81,landed
656,253.08,338,242567,234.73,landed
657,258.14,181,242748,234.57,landed
658,283.41,257,243005,234.66,landed
659,266.3,710,243715,234.84,landed
660,210.37,212,243927,234.5,landed
661,206.11,224,244151,233.95,landed
662,-44.92,1000,245151,230.63,timeout
663,252.39,197,245348,230.49,landed
664,245.54,195,245543,230.14,landed
665,280.35,199,245742,230.07,landed
666,276.01,291,246033,230.3,landed
667,4.08,167,246200,227.64,crash
668,278.52,281,246481,227.8,landed
669,283.63,280,246761,228.34,landed
670,280.3,280,247041,228.34,landed
671,242.8,202,247243,230.45,landed
672,262.82,186,247429,230.57,landed
673,-11.93,133,247562,228.05,crash
674,265.07,184,247746,228.04,landed
675,245.91,200,247946,228.16,landed
676,-2.48,128,248074,225.44,crash
677,265.64,206,248280,225.04,landed
678,275.49,351,248631,225.66,landed
679,27.1,165,248796,223.45,crash
680,286.04,174,248970,223.23,landed
681,280.68,267,249237,223.32,landed
682,253.41,181,249418,223.02,landed
683,261.44,323,249741,222.69,landed
684,239.37,345,250086,222.13,landed
685,252.18,219,250305,222.14,landed
686,268.3,199,250504,222.02,landed
687,45.21,158,250662,219.52,crash
688,9.57,131,250793,219.32,crash
689,230.95,324,251117,218.88,landed
690,280.27,227,251344,219.87,landed
691,254.2,419,251763,219.74,landed
692,233.0,250,252013,219.43,landed
693,249.57,199,252212,223.32,landed
694,266.52,363,252575,225.55,landed
695,248.63,259,252834,225.19,landed
696,261.11,201,253035,227.69,landed
697,252.01,235,253270,227.88,landed
698,268.17,194,253464,227.98,landed
699,265.65,377,253841,228.4,landed
700,253.58,233,254074,229.14,landed
701,305.18,286,254360,229.5,landed
702,266.87,204,254564,229.47,landed
703,282.64,210,254774,229.51,landed
704,-206.19,157,254931,224.78,crash
705,252.57,217,255148,224.98,landed
706,267.21,208,255356,225.18,landed
707,215.43,263,255619,225.02,landed
708,-56.29,126,255745,221.82,crash
709,285.84,428,256173,222.09,landed
710,-25.38,142,256315,219.25,crash
711,255.95,222,256537,219.0,landed
712,241.47,302,256839,218.82,landed
713,281.16,240,257079,218.66,landed
714,-164.39,175,257254,214.6,crash
715,254.25,352,257606,214.68,landed
716,266.79,272,257878,214.84,landed
717,276.8,204,258082,214.98,landed
718,284.66,296,258378,217.68,landed
719,-230.3,167,258545,212.79,crash
720,281.49,271,258816,212.81,landed
721,271.73,248,259064,212.68,landed
722,-56.83,144,259208,209.42,crash
723,256.9,223,259431,209.1,landed
724,19.66,141,259572,206.76,crash
725,259.84,243,259815,206.87,landed
726,263.59,212,260027,206.98,landed
727,248.26,277,260304,206.87,landed
728,257.03,341,260645,206.7,landed
729,292.31,238,260883,207.03,landed
730,288.48,237,261120,207.52,landed
731,284.17,224,261344,207.54,landed
732,269.57,204,261548,207.45,landed
733,254.74,181,261729,207.13,landed
734,236.07,442,262171,206.91,landed
735,235.49,241,262412,206.63,landed
736,202.35,222,262634,206.06,landed
737,280.02,222,262856,206.46,landed
738,249.24,238,263094,206.63,landed
739,-12.91,164,263258,203.95,crash
740,224.19,884,264142,203.51,landed
741,270.03,207,264349,203.5,landed
742,281.37,243,264592,203.74,landed
743,187.24,426,265018,203.18,landed
744,238.69,213,265231,203.69,landed
745,240.11,197,265428,205.68,landed
746,39.46,167,265595,203.64,crash
747,41.06,158,265753,201.15,crash
748,42.44,146,265899,199.27,crash
749,283.5,250,266149,203.77,landed
750,272.05,192,266341,203.73,landed
751,249.74,193,266534,203.63,landed
752,272.95,200,266734,206.49,landed
753,50.48,121,266855,205.03,crash
754,62.59,180,267035,202.97,crash
755,33.69,168,267203,200.89,crash
756,273.25,271,267474,201.09,landed
757,50.43,147,267621,199.01,crash
758,-131.24,373,267994,194.86,out_of_view
759,205.7,283,268277,194.26,landed
760,239.85,240,268517,194.55,landed
761,251.83,256,268773,195.01,landed
762,247.86,279,269052,197.94,landed
763,299.03,209,269261,198.4,landed
764,262.34,198,269459,198.57,landed
765,159.92,355,269814,197.37,landed
766,203.18,344,270158,196.64,landed
767,290.5,219,270377,199.5,landed
768,242.98,509,270886,199.15,landed
769,31.31,158,271044,196.63,crash
770,265.66,197,271241,196.48,landed
771,232.18,307,271548,196.37,landed
772,300.51,189,271737,196.75,landed
773,276.97,294,272031,199.64,landed
774,244.63,211,272242,199.43,landed
775,49.39,157,272399,197.47,crash
776,247.34,249,272648,199.97,landed
777,244.79,301,272949,199.76,landed
778,285.21,219,273168,199.86,landed
779,237.14,291,273459,201.96,landed
780,280.23,225,273684,201.9,landed
781,252.73,452,274136,201.62,landed
782,250.86,200,274336,201.59,landed
783,283.92,221,274557,201.82,landed
784,261.86,209,274766,202.04,landed
785,14.73,191,274957,199.67,crash
786,275.54,309,275266,199.74,landed
787,221.87,219,275485,201.51,landed
788,215.25,224,275709,203.56,landed
789,239.24,160,275869,203.65,landed
790,297.16,372,276241,203.82,landed
791,260.36,179,276420,203.88,landed
792,199.45,480,276900,203.54,landed
793,216.42,280,277180,203.21,landed
794,204.43,452,277632,202.59,landed
795,285.12,313,277945,202.96,landed
796,286.22,287,278232,203.21,landed
797,265.75,190,278422,203.34,landed
798,264.12,257,278679,203.3,landed
799,265.16,229,278908,203.3,landed
800,256.54,266,279174,203.33,landed
801,272.93,177,279351,203.01,landed
802,221.37,228,279579,202.55,landed
803,284.31,208,279787,202.57,landed
804,280.73,330,280117,207.44,landed
805,292.17,247,280364,207.83,landed
806,291.39,216,280580,208.07,landed
807,279.03,300,280880,208.71,landed
808,245.32,250,281130,211.73,landed
809,283.28,235,281365,211.7,landed
810,262.77,211,281576,214.58,landed
811,276.21,215,281791,214.78,landed
812,261.17,182,281973,214.98,landed
813,269.06,234,282207,214.86,landed
814,273.22,190,282397,219.24,landed
815,142.26,560,282957,218.12,landed
816,257.89,484,283441,218.03,landed
817,287.31,288,283729,218.13,landed
818,285.6,272,284001,218.14,landed
819,212.15,309,284310,222.57,landed
820,-190.84,439,284749,217.84,crash
821,190.93,283,285032,217.04,landed
822,288.36,249,285281,220.49,landed
823,273.25,218,285499,220.65,landed
824,272.0,250,285749,223.17,landed
825,261.89,184,285933,223.19,landed
826,264.0,381,286314,223.2,landed
827,282.47,171,286485,223.54,landed
828,65.06,1000,287485,221.62,timeout
829,261.18,160,287645,221.31,landed
830,264.34,250,287895,221.07,landed
831,286.61,218,288113,221.09,landed
832,286.12,196,288309,221.26,landed
833,293.99,152,288461,221.65,landed
834,272.54,266,288727,222.02,landed
835,245.94,170,288897,222.12,landed
836,285.62,142,289039,222.95,landed
837,242.92,198,289237,222.58,landed
838,231.89,263,289500,222.41,landed
839,281.58,179,289679,225.35,landed
840,259.92,187,289866,225.71,landed
841,272.56,323,290189,225.74,landed
842,-18.37,1000,291189,222.74,timeout
843,37.58,140,291329,221.24,crash
844,-198.99,566,291895,216.87,crash
845,266.54,208,292103,217.13,landed
846,235.13,185,292288,219.09,landed
847,266.66,350,292638,221.34,landed
848,305.39,162,292800,223.97,landed
849,295.32,340,293140,224.09,landed
850,249.4,241,293381,223.86,landed
851,277.9,204,293585,224.14,landed
852,265.72,206,293791,224.07,landed
853,299.57,218,294009,226.56,landed
854,253.84,215,294224,228.48,landed
855,249.17,302,294526,230.63,landed
856,267.54,534,295060,230.57,landed
857,225.18,317,295377,232.32,landed
858,278.7,186,295563,236.42,landed
859,302.28,311,295874,237.39,landed
860,288.75,202,296076,237.88,landed
861,280.19,225,296301,238.16,landed
862,288.97,381,296682,238.57,landed
863,289.22,248,296930,238.47,landed
864,284.04,299,297229,238.69,landed
865,276.66,230,297459,239.86,landed
866,275.57,290,297749,240.58,landed
867,274.62,210,297959,240.42,landed
868,272.58,203,298162,240.72,landed
869,261.24,213,298375,243.02,landed
870,282.28,258,298633,243.18,landed
871,260.15,188,298821,243.46,landed
872,256.5,214,299035,243.02,landed
873,272.89,254,299289,242.98,landed
874,280.17,221,299510,243.34,landed
875,-20.06,119,299629,242.64,crash
876,284.38,229,299858,243.01,landed
877,281.28,198,300056,243.38,landed
878,296.37,286,300342,243.49,landed
879,260.41,194,300536,243.72,landed
880,293.35,278,300814,243.85,landed
881,283.07,263,301077,244.16,landed
882,320.7,267,301344,244.86,landed
883,258.57,187,301531,244.6,landed
884,232.61,223,301754,244.31,landed
885,278.44,189,301943,246.95,landed
886,312.05,249,302192,247.31,landed
887,236.64,260,302452,247.46,landed
888,-40.53,104,302556,244.9,crash
889,265.58,224,302780,245.16,landed
890,287.6,213,302993,245.07,landed
891,246.66,264,303257,244.93,landed
892,294.54,199,303456,245.88,landed
893,293.93,214,303670,246.66,landed
894,250.22,244,303914,247.12,landed
895,-195.91,653,304567,242.31,crash
896,287.45,185,304752,242.32,landed
897,58.1,149,304901,240.24,crash
898,263.89,159,305060,240.24,landed
899,243.55,213,305273,240.02,landed
900,253.72,177,305450,239.99,landed
901,286.74,202,305652,240.13,landed
902,268.59,166,305818,240.61,landed
903,290.13,187,306005,240.66,landed
904,297.52,258,306263,240.83,landed
905,287.9,177,306440,240.79,landed
906,275.96,170,306610,240.63,landed
907,282.1,353,306963,240.66,landed
908,301.31,184,307147,241.22,landed
909,274.35,221,307368,241.14,landed
910,275.31,271,307639,241.26,landed
911,257.13,252,307891,241.07,landed
912,306.42,202,308093,241.52,landed
913,240.14,228,308321,241.23,landed
914,308.92,162,308483,241.59,landed
915,297.99,212,308695,243.15,landed
916,43.25,111,308806,241.0,crash
917,23.88,89,308895,238.37,crash
918,203.36,223,309118,237.54,landed
919,288.24,280,309398,238.31,landed
920,245.0,240,309638,242.66,landed
921,211.73,607,310245,242.87,landed
922,206.67,151,310396,242.06,landed
923,308.25,181,310577,242.41,landed
924,243.09,372,310949,242.12,landed
925,222.69,202,311151,241.72,landed
926,4.06,106,311257,239.12,crash
927,315.99,255,311512,239.46,landed
928,243.04,245,311757,241.24,landed
929,307.44,289,312046,241.7,landed
930,195.3,224,312270,241.01,landed
931,4.48,90,312360,238.19,crash
932,37.96,104,312464,235.71,crash
933,-26.24,95,312559,232.51,crash
934,298.72,173,312732,232.77,landed
935,5.09,154,312886,230.36,crash
936,230.64,174,313060,229.81,landed
937,272.97,219,313279,230.11,landed
938,-78.39,83,313362,227.01,crash
939,257.47,286,313648,226.77,landed
940,239.69,175,313823,226.56,landed
941,43.95,103,313926,224.28,crash
942,292.06,309,314235,227.38,landed
943,-17.66,157,314392,226.83,crash
944,200.49,150,314542,230.83,landed
945,47.47,143,314685,228.63,crash
946,-18.7,116,314801,226.1,crash
947,258.58,175,314976,226.02,landed
948,-14.73,241,315217,222.81,crash
949,239.2,363,315580,222.25,landed
950,288.16,298,315878,222.64,landed
951,281.76,223,316101,222.68,landed
952,251.76,243,316344,222.54,landed
953,8.97,124,316468,219.63,crash
954,309.21,193,316661,220.19,landed
955,266.73,232,316893,220.36,landed
956,308.95,170,317063,220.78,landed
957,286.82,210,317273,221.39,landed
958,292.27,230,317503,221.53,landed
959,290.6,170,317673,221.41,landed
960,237.49,164,317837,220.9,landed
961,286.65,201,318038,220.96,landed
962,235.11,597,318635,220.43,landed
963,275.86,530,319165,220.29,landed
964,249.83,148,319313,219.95,landed
965,213.85,450,319763,219.32,landed
966,313.26,234,319997,219.7,landed
967,307.79,240,320237,220.03,landed
968,259.91,340,320577,219.9,landed
969,243.54,330,320907,219.73,landed
970,236.89,336,321243,219.27,landed
971,263.37,152,321395,219.3,landed
972,300.3,211,321606,219.74,landed
973,298.62,210,321816,220.0,landed
974,291.97,210,322026,220.12,landed
975,302.92,223,322249,223.35,landed
976,222.41,209,322458,222.73,landed
977,286.28,259,322717,222.78,landed
978,260.5,182,322899,222.42,landed
979,281.91,202,323101,222.63,landed
980,251.28,160,323261,222.21,landed
981,25.98,86,323347,219.64,crash
982,310.61,236,323583,219.54,landed
983,302.19,267,323850,219.98,landed
984,259.82,187,324037,220.25,landed
985,306.24,224,324261,220.53,landed
986,-24.3,95,324356,217.17,crash
987,240.85,244,324600,217.21,landed
988,241.64,178,324778,220.03,landed
989,-51.19,107,324885,216.86,crash
990,278.26,172,325057,216.77,landed
991,275.53,235,325292,217.06,landed
992,255.44,208,325500,216.67,landed
993,-84.47,80,325580,212.88,crash
994,255.41,426,326006,212.93,landed
995,293.05,199,326205,217.82,landed
996,297.21,249,326454,217.92,landed
997,285.26,160,326614,220.19,landed
998,245.68,269,326883,220.01,landed
999,294.49,201,327084,220.52,landed
1000,293.79,186,327270,220.92,landed
1001,265.55,166,327436,220.71,landed
1002,295.59,236,327672,220.98,landed
1003,309.0,625,328297,221.17,landed
1004,285.94,657,328954,221.05,landed
1005,295.03,209,329163,221.12,landed
1006,294.17,193,329356,221.3,landed
1007,242.21,328,329684,220.91,landed
1008,52.18,89,329773,218.41,crash
1009,194.21,285,330058,217.61,landed
1010,286.01,257,330315,217.72,landed
1011,250.63,209,330524,217.66,landed
1012,261.11,309,330833,217.2,landed
1013,311.33,267,331100,217.91,landed
1014,283.51,199,331299,217.66,landed
1015,268.49,192,331491,217.36,landed
1016,255.74,266,331757,219.49,landed
1017,284.32,202,331959,222.09,landed
1018,271.32,337,332296,222.77,landed
1019,249.09,193,332489,222.38,landed
1020,253.36,183,332672,222.47,landed
1021,234.12,331,333003,222.69,landed
1022,239.81,312,333315,223.02,landed
1023,6.87,108,333423,220.01,crash
1024,-15.9,92,333515,217.42,crash
1025,292.66,218,333733,218.12,landed
1026,302.79,223,333956,221.1,landed
1027,291.6,212,334168,220.86,landed
1028,305.93,218,334386,221.49,landed
1029,275.66,275,334661,221.17,landed
1030,278.43,216,334877,222.0,landed
1031,281.92,214,335091,224.78,landed
1032,279.9,190,335281,227.2,landed
1033,236.89,326,335607,229.83,landed
1034,267.77,244,335851,229.52,landed
1035,244.21,469,336320,231.91,landed
1036,278.89,506,336826,232.39,landed
1037,277.0,192,337018,232.43,landed
1038,276.96,366,337384,235.99,landed
1039,275.1,188,337572,236.16,landed
1040,264.8,236,337808,236.41,landed
1041,252.72,464,338272,238.5,landed
1042,283.41,228,338500,238.41,landed
1043,286.01,202,338702,241.45,landed
1044,306.25,192,338894,242.51,landed
1045,293.01,227,339121,244.96,landed
1046,-10.47,79,339200,245.05,crash
1047,226.83,334,339534,244.73,landed
1048,-215.41,271,339805,242.72,crash
1049,273.81,217,340022,243.07,landed
1050,237.79,267,340289,242.56,landed
1051,272.35,185,340474,242.47,landed
1052,267.52,259,340733,242.63,landed
1053,267.5,208,340941,245.21,landed
1054,287.99,189,341130,245.0,landed
1055,265.06,224,341354,244.98,landed
1056,280.61,211,341565,244.7,landed
1057,268.71,178,341743,244.52,landed
1058,233.19,234,341977,243.93,landed
1059,270.52,200,342177,243.73,landed
1060,257.91,176,342353,243.93,landed
1061,148.19,1000,343353,242.55,timeout
1062,256.72,174,343527,242.76,landed
1063,295.58,208,343735,242.96,landed
1064,261.62,198,343933,243.08,landed
1065,266.51,268,344201,243.61,landed
1066,273.33,327,344528,243.21,landed
1067,172.76,1000,345528,241.86,timeout
1068,170.44,1000,346528,240.96,timeout
1069,271.94,139,346667,241.25,landed
1070,288.63,230,346897,241.76,landed
1071,266.16,311,347208,241.79,landed
1072,267.64,225,347433,241.46,landed
1073,255.38,190,347623,241.03,landed
1074,269.51,315,347938,240.81,landed
1075,-120.3,212,348150,236.57,out_of_view
1076,278.17,202,348352,237.13,landed
1077,257.86,180,348532,236.85,landed
1078,288.01,153,348685,237.12,landed
1079,217.38,534,349219,236.48,landed
1080,265.18,193,349412,236.62,landed
1081,261.6,223,349635,238.97,landed
1082,268.53,210,349845,238.55,landed
1083,271.88,173,350018,238.25,landed
1084,246.1,171,350189,238.11,landed
1085,277.36,241,350430,237.82,landed
1086,276.43,251,350681,240.83,landed
1087,279.75,237,350918,241.22,landed
1088,277.58,157,351075,241.58,landed
1089,282.67,188,351263,244.92,landed
1090,273.62,390,351653,244.87,landed
1091,278.11,227,351880,244.9,landed
1092,274.91,176,352056,245.09,landed
1093,281.52,157,352213,248.75,landed
1094,265.57,188,352401,248.85,landed
1095,263.88,205,352606,248.56,landed
1096,295.36,193,352799,248.54,landed
1097,256.51,181,352980,248.26,landed
1098,286.75,172,353152,248.67,landed
1099,253.4,192,353344,248.26,landed
1100,288.9,186,353530,248.21,landed
1101,286.63,198,353728,248.42,landed
1102,168.48,1000,354728,247.15,timeout
1103,276.46,203,354931,246.82,landed
1104,257.68,171,355102,246.54,landed
1105,4.05,101,355203,243.63,crash
1106,281.84,203,355406,243.5,landed
1107,269.26,236,355642,243.78,landed
1108,294.16,343,355985,246.2,landed
1109,281.88,165,356150,247.07,landed
1110,282.75,185,356335,247.04,landed
1111,262.89,172,356507,247.16,landed
1112,281.41,207,356714,247.36,landed
1113,280.39,173,356887,247.06,landed
1114,17.93,159,357046,244.4,crash
1115,290.46,222,357268,244.62,landed
1116,285.27,200,357468,244.91,landed
1117,301.76,394,357862,245.09,landed
1118,255.77,192,358054,244.93,landed
1119,274.31,199,358253,245.19,landed
1120,230.35,272,358525,244.96,landed
1121,276.85,158,358683,245.38,landed
1122,255.24,361,359044,245.54,landed
1123,288.48,321,359365,248.35,landed
1124,243.37,222,359587,250.95,landed
1125,269.92,198,359785,250.72,landed
1126,269.44,201,359986,250.39,landed
1127,208.33,491,360477,249.55,landed
1128,247.35,178,360655,248.97,landed
1129,303.64,214,360869,249.25,landed
1130,270.77,372,361241,249.17,landed
1131,286.49,507,361748,249.22,landed
1132,278.36,309,362057,249.2,landed
1133,261.96,276,362333,249.45,landed
1134,292.3,173,362506,249.7,landed
1135,-127.4,179,362685,245.98,crash
1136,275.38,191,362876,245.95,landed
1137,262.32,196,363072,245.8,landed
1138,296.16,321,363393,245.99,landed
1139,256.65,202,363595,245.81,landed
1140,251.19,299,363894,245.67,landed
1141,240.11,273,364167,245.54,landed
1142,255.25,189,364356,245.26,landed
1143,290.16,223,364579,245.3,landed
1144,64.03,127,364706,242.88,crash
1145,287.03,156,364862,242.82,landed
1146,225.13,295,365157,245.18,landed
1147,300.0,173,365330,245.91,landed
1148,269.63,247,365577,250.76,landed
1149,249.35,323,365900,250.52,landed
1150,251.76,211,366111,250.65,landed
1151,-129.0,312,366423,246.64,out_of_view
1152,246.49,189,366612,246.43,landed
1153,300.98,241,366853,246.77,landed
1154,301.45,264,367117,246.9,landed
1155,274.4,276,367393,246.99,landed
1156,265.89,170,367563,246.85,landed
1157,294.14,217,367780,247.1,landed
1158,275.94,185,367965,247.53,landed
1159,250.45,204,368169,247.33,landed
1160,270.87,349,368518,247.46,landed
1161,250.62,178,368696,248.48,landed
1162,281.18,206,368902,248.73,landed
1163,239.14,231,369133,248.16,landed
1164,90.33,126,369259,246.45,crash
1165,274.65,226,369485,246.53,landed
1166,234.9,263,369748,246.15,landed
1167,293.76,181,369929,247.36,landed
1168,272.1,174,370103,248.37,landed
1169,290.52,192,370295,248.56,landed
1170,273.1,221,370516,248.4,landed
1171,285.38,209,370725,248.6,landed
1172,297.42,244,370969,248.89,landed
1173,249.7,255,371224,248.84,landed
1174,250.39,174,371398,248.65,landed
1175,247.78,301,371699,252.33,landed
1176,59.84,141,371840,250.14,crash
1177,258.56,185,372025,250.15,landed
1178,266.01,201,372226,249.93,landed
1179,307.58,198,372424,250.83,landed
1180,307.54,190,372614,251.26,landed
1181,252.4,180,372794,251.16,landed
1182,265.01,263,373057,251.13,landed
1183,263.08,327,373384,251.04,landed
1184,275.7,404,373788,251.34,landed
1185,271.54,219,374007,251.28,landed
1186,276.83,277,374284,251.28,landed
1187,266.11,265,374549,251.15,landed
1188,266.34,310,374859,251.03,landed
1189,309.27,177,375036,251.3,landed
1190,263.05,207,375243,251.19,landed
1191,266.24,178,375421,251.07,landed
1192,280.64,204,375625,251.13,landed
1193,279.01,233,375858,251.11,landed
1194,310.75,228,376086,251.56,landed
1195,288.7,234,376320,251.81,landed
1196,275.83,188,376508,251.61,landed
1197,272.89,215,376723,251.78,landed
1198,292.55,256,376979,251.83,landed
1199,263.23,194,377173,251.93,landed
1200,249.59,177,377350,251.54,landed
1201,292.74,233,377583,251.6,landed
1202,287.69,214,377797,252.79,landed
1203,307.84,238,378035,253.11,landed
1204,270.68,169,378204,253.24,landed
1205,268.13,178,378382,255.88,landed
1206,295.81,230,378612,256.02,landed
1207,55.13,134,378746,253.87,crash
1208,264.42,227,378973,253.58,landed
1209,242.47,203,379176,253.18,landed
1210,261.81,180,379356,252.97,landed
1211,289.66,396,379752,253.24,landed
1212,287.71,207,379959,253.3,landed
1213,311.26,258,380217,253.61,landed
1214,282.74,232,380449,256.26,landed
1215,267.81,194,380643,256.03,landed
1216,271.04,189,380832,255.89,landed
1217,299.17,215,381047,255.87,landed
1218,23.33,105,381152,253.54,crash
1219,296.99,200,381352,253.77,landed
1220,276.05,191,381543,254.23,landed
1221,298.18,217,381760,254.44,landed
1222,279.79,206,381966,254.68,landed
1223,258.3,184,382150,254.38,landed
1224,307.7,222,382372,255.03,landed
1225,264.33,232,382604,254.97,landed
1226,287.48,215,382819,255.15,landed
1227,306.22,240,383059,256.13,landed
1228,314.78,234,383293,256.8,landed
1229,307.84,167,383460,256.85,landed
1230,299.62,231,383691,257.13,landed
1231,264.99,203,383894,256.92,landed
1232,73.92,148,384042,254.88,crash
1233,284.04,182,384224,255.1,landed
1234,277.69,190,384414,254.95,landed
1235,233.65,225,384639,258.56,landed
1236,274.18,261,384900,258.55,landed
1237,299.58,234,385134,258.92,landed
1238,302.18,249,385383,258.98,landed
1239,227.11,201,385584,258.69,landed
1240,297.57,208,385792,259.15,landed
1241,272.33,229,386021,259.47,landed
1242,284.65,198,386219,259.77,landed
1243,267.8,203,386422,259.54,landed
1244,284.31,222,386644,261.75,landed
1245,251.53,204,386848,261.39,landed
1246,61.98,153,387001,259.76,crash
1247,302.67,252,387253,259.79,landed
1248,264.01,207,387460,259.73,landed
1249,286.63,208,387668,260.1,landed
1250,279.99,198,387866,260.38,landed
1251,304.05,226,388092,264.71,landed
1252,276.76,212,388304,265.02,landed
1253,256.01,201,388505,264.57,landed
1254,243.94,202,388707,263.99,landed
1255,267.27,213,388920,263.92,landed
1256,267.77,226,389146,263.94,landed
1257,298.47,221,389367,263.98,landed
1258,256.71,268,389635,263.79,landed
1259,278.01,198,389833,264.07,landed
1260,279.45,210,390043,264.15,landed
1261,246.38,178,390221,264.11,landed
1262,302.77,240,390461,264.33,landed
1263,-251.64,575,391036,259.42,crash
1264,251.65,236,391272,261.03,landed
1265,25.31,229,391501,258.54,crash
1266,273.87,198,391699,258.93,landed
1267,292.47,226,391925,258.91,landed
1268,-284.9,352,392277,253.35,crash
1269,277.93,355,392632,253.22,landed
1270,275.99,372,393004,253.25,landed
1271,-142.87,265,393269,248.97,out_of_view
1272,247.73,207,393476,248.47,landed
1273,310.58,405,393881,249.08,landed
1274,-437.36,258,394139,242.2,crash
1275,272.43,256,394395,242.45,landed
1276,295.35,237,394632,244.8,landed
1277,276.15,227,394859,244.98,landed
1278,303.34,251,395110,245.35,landed
1279,276.31,201,395311,245.04,landed
1280,278.97,218,395529,244.75,landed
1281,288.4,203,395732,245.11,landed
1282,254.11,221,395953,245.0,landed
1283,245.52,340,396293,244.83,landed
1284,267.98,214,396507,244.75,landed
1285,288.87,265,396772,244.92,landed
1286,288.47,167,396939,245.04,landed
1287,246.74,181,397120,244.85,landed
1288,291.57,225,397345,245.1,landed
1289,272.46,204,397549,244.73,landed
1290,244.66,239,397788,244.55,landed
1291,272.0,232,398020,244.6,landed
1292,309.03,243,398263,244.89,landed
1293,277.49,177,398440,244.87,landed
1294,270.08,231,398671,244.47,landed
1295,262.54,195,398866,244.2,landed
1296,298.27,163,399029,244.43,landed
1297,296.69,181,399210,244.67,landed
1298,274.69,238,399448,244.49,landed
1299,263.84,220,399668,244.49,landed
1300,281.68,213,399881,244.82,landed
1301,246.97,183,400064,244.36,landed
1302,314.57,188,400252,244.63,landed
1303,270.54,181,400433,244.25,landed
1304,275.81,194,400627,244.3,landed
1305,255.01,204,400831,244.17,landed
1306,304.06,202,401033,244.26,landed
1307,290.96,231,401264,246.61,landed
1308,314.5,212,401476,247.12,landed
1309,295.08,249,401725,247.64,landed
1310,296.86,215,401940,247.99,landed
1311,283.12,224,402164,247.93,landed
1312,259.68,209,402373,247.65,landed
1313,272.33,209,402582,247.26,landed
1314,276.34,218,402800,247.19,landed
1315,237.15,203,403003,246.89,landed
1316,272.95,253,403256,246.91,landed
1317,254.58,196,403452,246.46,landed
1318,291.91,181,403633,249.15,landed
1319,293.74,233,403866,249.11,landed
1320,296.98,175,404041,249.32,landed
1321,265.95,212,404253,249.0,landed
1322,304.12,234,404487,249.24,landed
1323,-6.53,95,404582,246.59,crash
1324,273.71,192,404774,246.25,landed
1325,276.03,185,404959,246.37,landed
1326,266.91,214,405173,246.17,landed
1327,270.1,187,405360,245.81,landed
1328,-184.38,79,405439,240.81,crash
1329,255.75,192,405631,240.29,landed
1330,251.17,237,405868,239.81,landed
1331,233.66,205,406073,239.49,landed
1332,230.4,192,406265,241.06,landed
1333,310.21,204,406469,241.32,landed
1334,282.53,237,406706,241.37,landed
1335,259.68,159,406865,241.63,landed
1336,263.64,165,407030,241.52,landed
1337,264.91,195,407225,241.18,landed
1338,285.05,204,407429,241.01,landed
1339,290.57,226,407655,241.64,landed
1340,245.72,217,407872,241.12,landed
1341,262.56,645,408517,241.02,landed
1342,34.78,123,408640,238.53,crash
1343,283.12,277,408917,238.68,landed
1344,238.25,257,409174,238.22,landed
1345,290.68,411,409585,238.61,landed
1346,270.17,201,409786,240.69,landed
1347,302.61,248,410034,240.69,landed
1348,301.78,231,410265,241.07,landed
1349,281.71,229,410494,241.02,landed
1350,293.58,226,410720,241.16,landed
1351,306.1,182,410902,241.18,landed
1352,313.82,252,411154,241.55,landed
1353,268.11,176,411330,241.67,landed
1354,320.08,201,411531,242.43,landed
1355,299.13,205,411736,242.75,landed
1356,260.94,201,411937,242.68,landed
1357,279.44,222,412159,242.49,landed
1358,297.57,199,412358,242.9,landed
1359,276.17,196,412554,242.88,landed
1360,296.76,190,412744,243.05,landed
1361,253.4,158,412902,243.12,landed
1362,291.82,178,413080,243.01,landed
1363,281.36,200,413280,248.34,landed
1364,256.94,192,413472,248.4,landed
1365,307.9,242,413714,251.22,landed
1366,246.93,175,413889,250.95,landed
1367,272.47,216,414105,250.75,landed
1368,274.38,138,414243,256.35,landed
1369,-48.88,256,414499,253.08,crash
1370,276.34,284,414783,253.08,landed
1371,285.84,190,414973,257.37,landed
1372,-144.16,198,415171,253.45,out_of_view
1373,290.1,220,415391,253.24,landed
1374,257.21,223,415614,260.19,landed
1375,291.75,209,415823,260.38,landed
1376,297.17,220,416043,260.4,landed
1377,257.96,170,416213,260.22,landed
1378,284.32,188,416401,260.03,landed
1379,276.17,170,416571,260.03,landed
1380,286.63,155,416726,260.1,landed
1381,281.16,207,416933,260.03,landed
1382,249.14,242,417175,259.98,landed
1383,274.91,217,417392,260.28,landed
1384,289.52,261,417653,260.49,landed
1385,285.62,258,417911,260.46,landed
1386,266.3,163,418074,260.24,landed
1387,273.82,202,418276,260.51,landed
1388,277.34,150,418426,260.37,landed
1389,258.07,183,418609,260.22,landed
1390,286.65,179,418788,260.64,landed
1391,273.91,363,419151,260.66,landed
1392,267.05,165,419316,260.24,landed
1393,277.97,205,419521,260.25,landed
1394,278.05,229,419750,260.33,landed
1395,277.34,199,419949,260.47,landed
1396,301.45,170,420119,260.51,landed
1397,284.17,213,420332,260.38,landed
1398,295.53,239,420571,260.59,landed
1399,297.48,503,421074,260.93,landed
1400,290.76,145,421219,261.02,landed
1401,263.04,189,421408,261.18,landed
1402,308.93,179,421587,261.12,landed
1403,262.78,190,421777,261.04,landed
1404,276.73,170,421947,261.05,landed
1405,287.82,248,422195,261.38,landed
1406,273.83,207,422402,261.08,landed
1407,309.75,198,422600,261.27,landed
1408,282.47,227,422827,260.95,landed
1409,297.93,206,423033,260.97,landed
1410,275.83,189,423222,260.76,landed
1411,288.13,201,423423,260.81,landed
1412,263.45,149,423572,260.85,landed
1413,277.4,188,423760,260.9,landed
1414,254.56,186,423946,260.68,landed
1415,290.39,262,424208,261.22,landed
1416,292.41,203,424411,261.41,landed
1417,262.38,178,424589,261.49,landed
1418,313.54,195,424784,261.71,landed
1419,269.12,209,424993,261.46,landed
1420,278.43,178,425171,261.27,landed
1421,296.66,161,425332,261.58,landed
1422,311.38,191,425523,261.65,landed
1423,285.41,184,425707,264.57,landed
1424,305.59,225,425932,264.89,landed
1425,303.43,226,426158,265.17,landed
1426,298.18,246,426404,265.48,landed
1427,306.6,190,426594,265.84,landed
1428,307.0,196,426790,270.76,landed
1429,280.51,192,426982,271.0,landed
1430,259.38,160,427142,271.09,landed
1431,265.14,173,427315,271.4,landed
1432,285.22,188,427503,271.95,landed
1433,297.68,203,427706,271.82,landed
1434,245.96,162,427868,271.46,landed
1435,283.81,138,428006,271.7,landed
1436,291.77,184,428190,271.98,landed
1437,302.79,235,428425,272.36,landed
1438,259.45,146,428571,272.1,landed
1439,276.27,179,428750,271.96,landed
1440,-105.16,174,428924,268.45,out_of_view
1441,304.0,221,429145,268.87,landed
1442,296.54,205,429350,271.48,landed
1443,292.11,139,429489,271.57,landed
1444,269.11,192,429681,271.88,landed
1445,276.78,191,429872,271.74,landed
1446,286.45,141,430013,271.91,landed
1447,280.15,189,430202,271.68,landed
1448,262.11,159,430361,271.29,landed
1449,283.56,164,430525,271.3,landed
1450,290.13,208,430733,271.27,landed
1451,260.78,150,430883,270.82,landed
1452,275.66,163,431046,270.43,landed
1453,302.45,187,431233,270.78,landed
1454,296.61,190,431423,270.54,landed
1455,305.56,240,431663,270.61,landed
1456,310.97,196,431859,271.11,landed
1457,283.97,139,431998,271.15,landed
1458,317.21,238,432236,271.35,landed
1459,289.54,215,432451,271.48,landed
1460,317.73,246,432697,271.69,landed
1461,283.74,172,432869,272.0,landed
1462,260.8,168,433037,271.69,landed
1463,291.91,222,433259,271.79,landed
1464,304.65,174,433433,272.27,landed
1465,275.65,209,433642,271.95,landed
1466,280.9,187,433829,272.29,landed
1467,294.61,194,434023,272.51,landed
1468,265.52,169,434192,272.42,landed
1469,241.16,154,434346,275.32,landed
1470,253.8,150,434496,275.09,landed
1471,279.78,220,434716,275.03,landed
1472,249.09,191,434907,278.97,landed
1473,282.26,193,435100,278.89,landed
1474,298.31,231,435331,279.3,landed
1475,317.9,191,435522,279.56,landed
1476,284.39,186,435708,279.43,landed
1477,318.95,194,435902,280.04,landed
1478,278.91,221,436123,279.99,landed
1479,306.66,219,436342,280.29,landed
1480,254.35,170,436512,279.97,landed
1481,303.11,220,436732,280.19,landed
1482,265.96,184,436916,280.36,landed
1483,313.82,280,437196,280.75,landed
1484,290.45,201,437397,280.76,landed
1485,275.08,196,437593,280.65,landed
1486,282.74,195,437788,280.81,landed
1487,269.4,185,437973,280.77,landed
1488,291.74,212,438185,280.91,landed
1489,277.43,173,438358,281.11,landed
1490,309.28,213,438571,281.33,landed
1491,298.34,163,438734,281.58,landed
1492,280.95,220,438954,281.72,landed
1493,281.15,208,439162,281.75,landed
1494,252.21,150,439312,281.49,landed
1495,314.81,182,439494,281.87,landed
1496,274.84,135,439629,281.6,landed
1497,271.3,200,439829,281.47,landed
1498,242.41,994,440823,280.94,landed
1499,284.41,193,441016,280.81,landed
1500,293.12,242,441258,280.83,landed
1501,282.48,192,441450,281.03,landed
1502,255.28,155,441605,280.49,landed
1503,273.91,143,441748,280.6,landed
1504,304.26,225,441973,280.88,landed
1505,289.36,159,442132,280.89,landed
1506,291.66,231,442363,281.07,landed
1507,307.04,206,442569,281.04,landed
1508,295.62,196,442765,281.18,landed
1509,313.04,283,443048,281.33,landed
1510,303.46,163,443211,281.6,landed
1511,50.26,97,443308,279.22,crash
1512,274.15,165,443473,279.33,landed
1513,259.06,169,443642,279.15,landed
1514,300.25,248,443890,279.6,landed
1515,284.8,220,444110,279.55,landed
1516,315.45,193,444303,279.78,landed
1517,303.08,238,444541,280.19,landed
1518,263.96,196,444737,279.69,landed
1519,252.65,219,444956,279.53,landed
1520,281.76,175,445131,279.56,landed
1521,302.09,226,445357,279.61,landed
1522,303.98,230,445587,279.54,landed
1523,272.66,606,446193,279.41,landed
1524,281.48,228,446421,279.17,landed
1525,320.64,253,446674,279.34,landed
1526,278.38,191,446865,279.14,landed
1527,268.34,174,447039,278.76,landed
1528,272.34,186,447225,278.42,landed
1529,249.18,157,447382,278.1,landed
1530,38.24,1000,448382,275.89,timeout
1531,280.53,158,448540,276.04,landed
1532,304.4,192,448732,276.24,landed
1533,299.33,156,448888,276.25,landed
1534,60.01,123,449011,274.39,crash
1535,296.25,158,449169,274.52,landed
1536,264.46,160,449329,274.24,landed
1537,291.25,190,449519,274.13,landed
1538,258.3,246,449765,274.12,landed
1539,308.68,224,449989,274.44,landed
1540,264.92,165,450154,278.14,landed
1541,284.13,185,450339,277.94,landed
1542,262.94,201,450540,277.61,landed
1543,272.52,435,450975,277.41,landed
1544,286.78,377,451352,277.59,landed
1545,284.45,217,451569,277.67,landed
1546,288.78,127,451696,277.69,landed
1547,285.04,135,451831,277.74,landed
1548,298.87,222,452053,278.11,landed
1549,248.06,171,452224,277.75,landed
1550,316.4,181,452405,278.01,landed
1551,258.57,218,452623,277.99,landed
1552,299.41,152,452775,278.23,landed
1553,303.7,249,453024,278.24,landed
1554,268.58,191,453215,277.96,landed
1555,274.64,221,453436,277.65,landed
1556,302.67,189,453625,277.57,landed
1557,244.98,141,453766,277.18,landed
1558,276.53,200,453966,276.77,landed
1559,257.39,173,454139,276.45,landed
1560,286.99,203,454342,276.14,landed
1561,273.28,189,454531,276.04,landed
1562,292.12,134,454665,276.35,landed
1563,293.42,214,454879,276.37,landed
1564,265.89,181,455060,275.98,landed
1565,296.49,282,455342,276.19,landed
1566,279.22,193,455535,276.17,landed
1567,254.52,150,455685,275.77,landed
1568,286.84,205,455890,275.98,landed
1569,248.39,164,456054,276.06,landed
1570,261.13,171,456225,276.13,landed
1571,270.82,181,456406,276.04,landed
1572,251.13,155,456561,276.06,landed
1573,270.28,150,456711,275.94,landed
1574,285.63,199,456910,275.81,landed
1575,270.55,138,457048,275.34,landed
1576,266.83,156,457204,275.16,landed
1577,258.69,162,457366,274.56,landed
1578,263.13,166,457532,274.4,landed
1579,262.27,166,457698,273.96,landed
1580,274.3,212,457910,274.16,landed
1581,285.75,201,458111,273.99,landed
1582,289.18,242,458353,274.22,landed
1583,291.37,199,458552,273.99,landed
1584,302.38,180,458732,274.11,landed
1585,290.72,152,458884,274.27,landed
1586,288.84,210,459094,274.33,landed
1587,296.64,244,459338,274.6,landed
1588,265.66,163,459501,274.34,landed
1589,274.45,210,459711,274.31,landed
1590,285.57,325,460036,274.07,landed
1591,310.16,214,460250,274.19,landed
1592,290.95,136,460386,274.29,landed
1593,300.65,174,460560,274.49,landed
1594,262.14,153,460713,274.59,landed
1595,317.46,198,460911,274.61,landed
1596,49.26,132,461043,272.36,crash
